strategy,strategy_label,window_index,start_time_s,end_time_s,mean_esr_bps_hz,median_esr_bps_hz,percentile_10_esr_bps_hz,percentile_90_esr_bps_hz
central_massive_mimo,Central massive MIMO,0,0.0,55.0,59.56040834901427,60.74285406467729,47.47198436567977,67.24931926800501
central_massive_mimo,Central massive MIMO,1,60.0,115.0,51.301069647688955,51.98996702424466,42.293645322777536,60.345188180971014
central_massive_mimo,Central massive MIMO,2,120.0,175.0,46.59395455497232,45.786905996754015,39.14418443606587,56.28203007326869
central_massive_mimo,Central massive MIMO,3,180.0,235.0,49.07978632210117,50.30460590543543,37.4932329431077,57.970446281414105
central_massive_mimo,Central massive MIMO,4,240.0,295.0,47.859249467786356,50.099784678123626,40.702701558751436,54.37804255722656
central_massive_mimo,Central massive MIMO,5,300.0,355.0,42.53897921916545,44.790628776789035,27.975998922423383,54.360095710263245
central_massive_mimo,Central massive MIMO,6,360.0,415.0,46.54070718446209,47.72593725310812,38.295395390277186,51.71598070232183
central_massive_mimo,Central massive MIMO,7,420.0,475.0,50.70518318359152,52.94651700741974,41.96628012779163,57.74622388463919
central_massive_mimo,Central massive MIMO,8,480.0,535.0,67.47792585446926,68.31283712466058,57.817833243487506,74.61506714968955
central_massive_mimo,Central massive MIMO,9,540.0,595.0,59.324792688733005,56.80133744004259,47.44729920624307,69.24372088397718
central_massive_mimo,Central massive MIMO,10,600.0,655.0,67.09808734534762,67.9242082297828,59.90748095798211,71.86617968529583
central_massive_mimo,Central massive MIMO,11,660.0,715.0,64.75589507735741,64.13602258805344,56.23657107492717,74.40699410140323
central_massive_mimo,Central massive MIMO,12,720.0,775.0,52.92705074450124,54.36560280105945,41.942681647230245,61.35951503663908
central_massive_mimo,Central massive MIMO,13,780.0,835.0,62.88317878983827,63.5805561342099,53.94443130884651,70.96965304086876
central_massive_mimo,Central massive MIMO,14,840.0,895.0,61.945028765947455,62.16545436374023,55.5608887881681,68.52971420091892
central_massive_mimo,Central massive MIMO,15,900.0,955.0,60.77467183688473,60.44898956847307,53.41849977424702,69.6663732324495
central_massive_mimo,Central massive MIMO,16,960.0,1015.0,58.878549215824876,59.895819232193276,57.316384900151405,64.12534894475897
central_massive_mimo,Central massive MIMO,17,1020.0,1075.0,66.80556818677884,68.60369870361768,54.30226276158152,79.81392014732933
central_massive_mimo,Central massive MIMO,18,1080.0,1135.0,45.22541266595274,45.24434938952179,36.185119578816476,57.673662162912024
central_massive_mimo,Central massive MIMO,19,1140.0,1195.0,56.97384378414879,59.80104507766443,48.226821885419085,61.788882585086284
central_massive_mimo,Central massive MIMO,20,1200.0,1255.0,57.606117807353854,57.2933632840634,52.384596375513965,61.071569293307334
central_massive_mimo,Central massive MIMO,21,1260.0,1315.0,54.9046401377144,56.856466612578764,47.13007411746774,63.923079459884235
central_massive_mimo,Central massive MIMO,22,1320.0,1375.0,58.93457765332199,59.94131938455767,52.61169650637634,66.5513543694644
central_massive_mimo,Central massive MIMO,23,1380.0,1435.0,52.586125903486504,52.14458743642233,48.08196963452314,62.34289136375597
central_massive_mimo,Central massive MIMO,24,1440.0,1495.0,62.96158815423788,63.3351309754856,54.246322320589094,73.83702135217463
central_massive_mimo,Central massive MIMO,25,1500.0,1555.0,57.47090707113162,55.29121866007094,51.36102554807144,64.35241533190984
central_massive_mimo,Central massive MIMO,26,1560.0,1615.0,62.61877644718541,61.09369867122824,54.009116954266474,74.02034373590615
central_massive_mimo,Central massive MIMO,27,1620.0,1675.0,69.33622487753526,69.02871638439349,64.95345096439941,75.99034349820997
central_massive_mimo,Central massive MIMO,28,1680.0,1735.0,55.97841449968352,58.99288215518315,38.935524181107745,67.088285595261
central_massive_mimo,Central massive MIMO,29,1740.0,1795.0,62.46659862146435,60.982932960468204,57.06653741204709,68.63802293632912
central_massive_mimo,Central massive MIMO,30,1800.0,1855.0,61.91446999118545,62.619685917167665,50.93051798305462,70.6926111450918
central_massive_mimo,Central massive MIMO,31,1860.0,1915.0,49.80515570026012,49.852907701441026,42.43563401698225,59.230641706223096
central_massive_mimo,Central massive MIMO,32,1920.0,1975.0,56.64656276348085,55.950977332820436,51.19823291134889,61.55474302399906
central_massive_mimo,Central massive MIMO,33,1980.0,2035.0,64.69679315155611,63.97134041653963,58.45430606950634,71.50071887135896
central_massive_mimo,Central massive MIMO,34,2040.0,2095.0,70.93739495973166,71.18380778291669,63.3063652741059,78.75856565958298
central_massive_mimo,Central massive MIMO,35,2100.0,2155.0,61.44810176232079,61.234522585851906,54.537843979715,69.44746958406526
central_massive_mimo,Central massive MIMO,36,2160.0,2215.0,44.613113316867334,44.53644772712848,40.31827535556549,48.5632350211446
central_massive_mimo,Central massive MIMO,37,2220.0,2275.0,46.97069078605461,45.32088911922337,40.041338546621255,54.13725685898885
central_massive_mimo,Central massive MIMO,38,2280.0,2335.0,44.97670271949779,44.30674418759749,37.39283382049219,53.28451083421813
central_massive_mimo,Central massive MIMO,39,2340.0,2395.0,46.62735784768177,45.3008172693376,38.56057993871135,55.28839312144487
central_massive_mimo,Central massive MIMO,40,2400.0,2455.0,46.19479239155853,47.09511387522008,36.824406020656404,53.36786000796467
central_massive_mimo,Central massive MIMO,41,2460.0,2515.0,56.48568888630956,57.9204219682119,40.379404196172274,65.25780656509914
central_massive_mimo,Central massive MIMO,42,2520.0,2575.0,66.53558157030011,64.69019290172054,53.016977900648854,84.55490608511884
central_massive_mimo,Central massive MIMO,43,2580.0,2635.0,58.70843679559073,61.55224030828506,46.786400039414254,68.64146565909775
central_massive_mimo,Central massive MIMO,44,2640.0,2695.0,63.265836896147825,62.76030936056425,59.14087338330889,68.70159969150903
central_massive_mimo,Central massive MIMO,45,2700.0,2755.0,58.68181780978245,59.35198071489515,44.275534501431636,66.69391254206468
central_massive_mimo,Central massive MIMO,46,2760.0,2815.0,59.70230874985655,59.29713020780436,57.24391179715563,65.5039007086449
central_massive_mimo,Central massive MIMO,47,2820.0,2875.0,59.49358480555899,59.41748826266466,53.57667960865866,64.68798380640592
central_massive_mimo,Central massive MIMO,48,2880.0,2935.0,60.55207944720425,57.34581663052437,50.8037561704909,72.50830152656594
central_massive_mimo,Central massive MIMO,49,2940.0,2995.0,58.10761817303962,58.607891115525035,52.20434710927268,62.49396469253218
central_massive_mimo,Central massive MIMO,50,3000.0,3055.0,50.99186019658814,53.15208477113117,41.5417428614089,59.777425677112845
central_massive_mimo,Central massive MIMO,51,3060.0,3115.0,44.89433373721618,42.98422233994262,39.58493597412783,51.52022735051192
central_massive_mimo,Central massive MIMO,52,3120.0,3175.0,46.022336114297325,44.19823683297558,29.835627617723244,63.996316910860195
central_massive_mimo,Central massive MIMO,53,3180.0,3235.0,65.44969899185132,66.27976825335325,60.21103887927556,68.33880762200091
central_massive_mimo,Central massive MIMO,54,3240.0,3295.0,57.62139198356493,57.56667294776072,54.06488249297148,61.463675817110484
central_massive_mimo,Central massive MIMO,55,3300.0,3355.0,51.335591344398004,48.71209955484113,45.22947827800671,61.85627899168666
central_massive_mimo,Central massive MIMO,56,3360.0,3415.0,58.503539719887065,58.38018039625159,52.624580844947396,61.124960353402955
central_massive_mimo,Central massive MIMO,57,3420.0,3475.0,58.305265564482106,59.75379462487668,49.907687680270485,63.33736585194145
central_massive_mimo,Central massive MIMO,58,3480.0,3535.0,60.34132904483534,61.38032662346167,56.92783828729171,63.9950262109229
central_massive_mimo,Central massive MIMO,59,3540.0,3595.0,42.373879503004396,42.08873411685913,32.91485758175399,50.674815383787106
central_massive_mimo,Central massive MIMO,60,3600.0,3600.0,46.89639693406092,46.89639693406092,46.89639693406092,46.89639693406092
distributed_fixed,Distributed fixed,0,0.0,55.0,91.8762424319836,91.77818174914945,84.50838849153493,98.40971417781326
distributed_fixed,Distributed fixed,1,60.0,115.0,86.57903845996539,86.28741046398387,75.44931735400712,98.60343134646736
distributed_fixed,Distributed fixed,2,120.0,175.0,93.86531258179502,95.24905851638597,86.7238752393982,98.48293916663815
distributed_fixed,Distributed fixed,3,180.0,235.0,89.67327719022579,91.09914415111135,84.38544541744685,94.91056767759278
distributed_fixed,Distributed fixed,4,240.0,295.0,88.51151251691643,90.45892367549398,77.85302657248992,94.47646220838483
distributed_fixed,Distributed fixed,5,300.0,355.0,101.17939648846838,104.22755274313249,87.76045322784304,110.39170602183015
distributed_fixed,Distributed fixed,6,360.0,415.0,97.64361118477963,98.1149519953101,91.43204525929384,104.2367853551667
distributed_fixed,Distributed fixed,7,420.0,475.0,91.58707056907696,90.59228109247206,87.45763760248036,96.48542614614455
distributed_fixed,Distributed fixed,8,480.0,535.0,74.46576965352033,74.50407539842038,67.18977154861963,83.42347010407912
distributed_fixed,Distributed fixed,9,540.0,595.0,67.61794499055209,65.2544852296621,61.06276468155246,77.53314139016055
distributed_fixed,Distributed fixed,10,600.0,655.0,71.88646208040257,73.23282397155799,64.85015275166758,77.76029413928909
distributed_fixed,Distributed fixed,11,660.0,715.0,66.23122022846515,65.435024432728,60.18604255093569,69.71686011179486
distributed_fixed,Distributed fixed,12,720.0,775.0,68.96182983304188,68.55495122650291,61.81733637891704,76.38145920846337
distributed_fixed,Distributed fixed,13,780.0,835.0,71.6603234933818,71.41821964140851,64.045197511913,81.11935927316996
distributed_fixed,Distributed fixed,14,840.0,895.0,70.43032549517748,67.97203816212019,61.26538373227306,83.12937633156203
distributed_fixed,Distributed fixed,15,900.0,955.0,71.8272764473369,74.0973876640199,61.78841283775184,79.50907771399115
distributed_fixed,Distributed fixed,16,960.0,1015.0,67.00094995541106,66.92678352168056,53.23530578583371,84.77242331359051
distributed_fixed,Distributed fixed,17,1020.0,1075.0,71.68540037731256,69.15520137684892,66.89893168033193,77.02565441305345
distributed_fixed,Distributed fixed,18,1080.0,1135.0,55.23549827867354,55.36774701682213,50.21547695058421,59.64103769930574
distributed_fixed,Distributed fixed,19,1140.0,1195.0,69.96654194831092,71.9234133787216,58.16672549527658,79.22921124503502
distributed_fixed,Distributed fixed,20,1200.0,1255.0,74.35516474897396,73.24305426904218,71.28150298381597,79.73224708956701
distributed_fixed,Distributed fixed,21,1260.0,1315.0,72.42682867801996,74.45019238698475,61.25745809652393,81.04323488794522
distributed_fixed,Distributed fixed,22,1320.0,1375.0,72.35482410315602,73.92336009593305,65.61690958955556,78.60450964697836
distributed_fixed,Distributed fixed,23,1380.0,1435.0,64.90424328481039,64.35648489711659,59.778683383462614,72.47452974682211
distributed_fixed,Distributed fixed,24,1440.0,1495.0,70.30199497925007,70.91458427434993,61.93306918467219,78.68209487173036
distributed_fixed,Distributed fixed,25,1500.0,1555.0,74.41790611757433,74.65940516807683,66.49074369983005,82.2798926145245
distributed_fixed,Distributed fixed,26,1560.0,1615.0,71.49896031256618,70.30968331062672,64.11351363387267,81.7554933006348
distributed_fixed,Distributed fixed,27,1620.0,1675.0,67.53419721680137,66.97179788690113,62.06073710221431,74.598727190707
distributed_fixed,Distributed fixed,28,1680.0,1735.0,53.01507956306515,51.852704934043544,43.26796993873009,58.77005823474597
distributed_fixed,Distributed fixed,29,1740.0,1795.0,57.62987689687787,59.611277827890824,49.30153751555227,63.44504520548608
distributed_fixed,Distributed fixed,30,1800.0,1855.0,64.37688246592926,63.75559116172276,57.09420265952066,71.42818975462846
distributed_fixed,Distributed fixed,31,1860.0,1915.0,72.187402627814,71.8397769922175,64.02245038456695,78.30074399697371
distributed_fixed,Distributed fixed,32,1920.0,1975.0,70.02739777198822,69.50300011535711,62.92477951320514,76.59287617644397
distributed_fixed,Distributed fixed,33,1980.0,2035.0,83.6021901851638,84.04564582340922,78.1376260272215,89.83038518195036
distributed_fixed,Distributed fixed,34,2040.0,2095.0,77.84188146637426,76.16098660160753,72.27007889695307,84.94691288779438
distributed_fixed,Distributed fixed,35,2100.0,2155.0,83.531139316748,82.39549559798634,77.09699913687349,92.76599977093561
distributed_fixed,Distributed fixed,36,2160.0,2215.0,79.48531427558133,78.73250494006169,74.83584470830031,84.2284054458331
distributed_fixed,Distributed fixed,37,2220.0,2275.0,73.62754300815682,75.84527514790604,68.59769653359392,82.78079451659924
distributed_fixed,Distributed fixed,38,2280.0,2335.0,75.60763079284514,77.66988502449082,60.32459922672129,84.6251272461148
distributed_fixed,Distributed fixed,39,2340.0,2395.0,65.29756186606555,62.64109184061489,52.87936327848866,85.32471872371231
distributed_fixed,Distributed fixed,40,2400.0,2455.0,68.35446977328282,71.47840434821663,52.384547269227866,86.71052184673478
distributed_fixed,Distributed fixed,41,2460.0,2515.0,53.107041026868046,53.97640876804326,45.435600314264136,62.9333781866795
distributed_fixed,Distributed fixed,42,2520.0,2575.0,62.38545591365303,62.58227113686678,58.70275913629155,66.4586808560387
distributed_fixed,Distributed fixed,43,2580.0,2635.0,64.89274164970989,65.53957403000592,54.72980003211067,75.46461840968732
distributed_fixed,Distributed fixed,44,2640.0,2695.0,67.40769699561149,67.9790030490394,59.99996548338405,74.12717379897066
distributed_fixed,Distributed fixed,45,2700.0,2755.0,77.41796893176615,77.6845423213044,72.33369820041825,84.82062117923182
distributed_fixed,Distributed fixed,46,2760.0,2815.0,79.3494322089591,78.29586316981747,73.12316672453387,88.68310195591735
distributed_fixed,Distributed fixed,47,2820.0,2875.0,72.0194774367361,73.72034613675415,65.96669534025884,76.12922161124466
distributed_fixed,Distributed fixed,48,2880.0,2935.0,68.31439935239945,68.21173457569019,61.39350506512215,73.91630836946767
distributed_fixed,Distributed fixed,49,2940.0,2995.0,71.60859188047876,71.57302017826647,64.98832916141728,78.52631578076912
distributed_fixed,Distributed fixed,50,3000.0,3055.0,83.68002408723493,84.32564722507394,76.44987557459167,90.23771206894544
distributed_fixed,Distributed fixed,51,3060.0,3115.0,83.20804341238365,81.517290104682,76.85293185907362,92.12291223866724
distributed_fixed,Distributed fixed,52,3120.0,3175.0,99.87843483465308,98.07235576269707,93.38230828800576,108.08737873226744
distributed_fixed,Distributed fixed,53,3180.0,3235.0,83.06946703791958,82.01311098339708,78.13505209977917,90.20556333579997
distributed_fixed,Distributed fixed,54,3240.0,3295.0,79.8942048837849,80.29005170203087,75.86597187001671,86.17838101784925
distributed_fixed,Distributed fixed,55,3300.0,3355.0,72.60086092461404,73.46631446100983,65.88238963859828,80.08556011874616
distributed_fixed,Distributed fixed,56,3360.0,3415.0,85.12076974782578,84.27995463929199,80.86708845109146,93.2855553362747
distributed_fixed,Distributed fixed,57,3420.0,3475.0,82.70342322457519,82.50986465933295,76.47743631833563,88.05847162241453
distributed_fixed,Distributed fixed,58,3480.0,3535.0,75.8518336309467,77.75195339049546,62.995790072043064,84.06647815505153
distributed_fixed,Distributed fixed,59,3540.0,3595.0,69.9912001302908,68.68173294116207,62.282647345408606,76.21513127839987
distributed_fixed,Distributed fixed,60,3600.0,3600.0,62.82233444424883,62.82233444424883,62.82233444424883,62.82233444424883
distributed_movable,Distributed movable (Opt. 1),0,0.0,55.0,85.03527190077925,85.84107457152533,74.3889895912425,95.96828175666114
distributed_movable,Distributed movable (Opt. 1),1,60.0,115.0,59.656616439540336,61.87391538279631,51.80144006662873,65.79711847101845
distributed_movable,Distributed movable (Opt. 1),2,120.0,175.0,58.181117180892805,57.566876897955666,45.68805107919698,67.34841322166709
distributed_movable,Distributed movable (Opt. 1),3,180.0,235.0,53.555292099131805,51.62023033512497,48.534098303291636,62.80301864934884
distributed_movable,Distributed movable (Opt. 1),4,240.0,295.0,60.26661664836021,59.8922628073838,50.392949318908705,69.78986239257408
distributed_movable,Distributed movable (Opt. 1),5,300.0,355.0,48.21437325441639,47.47422868434491,44.306899264379375,53.67418640108965
distributed_movable,Distributed movable (Opt. 1),6,360.0,415.0,108.2655964530412,108.821032698388,103.3866464753388,111.99485592181895
distributed_movable,Distributed movable (Opt. 1),7,420.0,475.0,62.17013130982357,62.388575708007586,57.4214270472774,67.16161145021847
distributed_movable,Distributed movable (Opt. 1),8,480.0,535.0,86.99336313940641,88.48686222306256,82.48233089616495,90.13376931086997
distributed_movable,Distributed movable (Opt. 1),9,540.0,595.0,100.97742268625517,98.90344292705862,93.28002808629154,110.1441091361977
distributed_movable,Distributed movable (Opt. 1),10,600.0,655.0,100.18278751985854,99.12860509311034,94.73914475804705,107.5473828686724
distributed_movable,Distributed movable (Opt. 1),11,660.0,715.0,67.51615564356207,67.44229530526636,62.49614754542015,72.2290016199675
distributed_movable,Distributed movable (Opt. 1),12,720.0,775.0,90.57446982951286,90.11512269172492,86.0389130579891,96.79366392276243
distributed_movable,Distributed movable (Opt. 1),13,780.0,835.0,87.2715587264425,87.08533368254179,80.26684904397683,96.56650850873564
distributed_movable,Distributed movable (Opt. 1),14,840.0,895.0,104.0254013248566,110.90646202376749,73.15356116728356,117.24334585568246
distributed_movable,Distributed movable (Opt. 1),15,900.0,955.0,67.70117962903058,67.2722954447496,56.38828476634369,80.39739646354113
distributed_movable,Distributed movable (Opt. 1),16,960.0,1015.0,76.84723165828645,75.18564922899068,69.30308363523872,85.79024563053392
distributed_movable,Distributed movable (Opt. 1),17,1020.0,1075.0,33.534485820815576,35.83821705211916,22.449477054688437,38.61201865209913
distributed_movable,Distributed movable (Opt. 1),18,1080.0,1135.0,59.23750509340616,56.424121118930074,50.19129584110784,73.4504837354859
distributed_movable,Distributed movable (Opt. 1),19,1140.0,1195.0,92.01921862224692,93.06931267724133,86.81778075234263,102.09132355092893
distributed_movable,Distributed movable (Opt. 1),20,1200.0,1255.0,74.15656661833704,74.12596462014322,66.80615748807422,82.88285986937821
distributed_movable,Distributed movable (Opt. 1),21,1260.0,1315.0,65.35028277903254,64.51237351995394,56.27464560746339,73.79260700373887
distributed_movable,Distributed movable (Opt. 1),22,1320.0,1375.0,116.72511567095235,118.08438438024626,102.34670816459185,130.62667937446756
distributed_movable,Distributed movable (Opt. 1),23,1380.0,1435.0,165.44848101366375,167.46114592396654,153.73338269831913,175.20971028738992
distributed_movable,Distributed movable (Opt. 1),24,1440.0,1495.0,33.97955625118904,34.168263653181306,30.848314385294092,38.42029348969331
distributed_movable,Distributed movable (Opt. 1),25,1500.0,1555.0,128.62684863622803,130.2398090544295,122.45603517947609,134.22994501318496
distributed_movable,Distributed movable (Opt. 1),26,1560.0,1615.0,98.40281343798499,99.43908829837814,88.43306699376664,103.0804184910181
distributed_movable,Distributed movable (Opt. 1),27,1620.0,1675.0,103.8277084754219,104.83418020206348,94.36152920422646,111.54606177910243
distributed_movable,Distributed movable (Opt. 1),28,1680.0,1735.0,65.78800961511011,65.94935374583162,56.96779697381235,81.06331286588112
distributed_movable,Distributed movable (Opt. 1),29,1740.0,1795.0,59.47709202488711,58.32025389132687,46.44479162154189,76.03576746609372
distributed_movable,Distributed movable (Opt. 1),30,1800.0,1855.0,67.76539789664149,68.59364609042227,63.50117017240127,75.76846446824224
distributed_movable,Distributed movable (Opt. 1),31,1860.0,1915.0,60.4628816856026,59.216391507665676,51.28072085643706,72.67827670014643
distributed_movable,Distributed movable (Opt. 1),32,1920.0,1975.0,59.298158439283156,59.232298183346884,53.17657030517176,69.53419632433607
distributed_movable,Distributed movable (Opt. 1),33,1980.0,2035.0,133.20245121285936,133.51997585362903,124.80515748746886,142.34694385175635
distributed_movable,Distributed movable (Opt. 1),34,2040.0,2095.0,121.30092371672458,121.15882961719849,112.00660169007625,129.48302585448155
distributed_movable,Distributed movable (Opt. 1),35,2100.0,2155.0,136.44755938531992,136.31828897032338,132.25121806572434,141.37818735239597
distributed_movable,Distributed movable (Opt. 1),36,2160.0,2215.0,73.34988033262506,71.76455452123608,65.00306254883729,82.3240814835619
distributed_movable,Distributed movable (Opt. 1),37,2220.0,2275.0,55.94840331451044,62.10687404083109,33.57634823191112,70.66525558484255
distributed_movable,Distributed movable (Opt. 1),38,2280.0,2335.0,51.37478607115735,54.41353092078376,39.21523926212056,58.91409892333052
distributed_movable,Distributed movable (Opt. 1),39,2340.0,2395.0,66.28245741419364,64.23609026256834,54.0231454073682,80.42992696866044
distributed_movable,Distributed movable (Opt. 1),40,2400.0,2455.0,109.97700659004568,109.96048361541591,105.75136353653232,115.0200003814811
distributed_movable,Distributed movable (Opt. 1),41,2460.0,2515.0,130.6337711293924,131.9791612937595,123.33661787272439,136.0679203495001
distributed_movable,Distributed movable (Opt. 1),42,2520.0,2575.0,94.02405735005182,93.48903237443403,90.07743509889964,96.84864414814433
distributed_movable,Distributed movable (Opt. 1),43,2580.0,2635.0,132.57090124640752,130.78489106645245,125.1624351673918,142.14749436468261
distributed_movable,Distributed movable (Opt. 1),44,2640.0,2695.0,105.8268821024249,108.51476790121998,96.03059847811109,110.75456553133628
distributed_movable,Distributed movable (Opt. 1),45,2700.0,2755.0,90.80125918590124,93.34922626652131,82.83415695461393,97.03549227418993
distributed_movable,Distributed movable (Opt. 1),46,2760.0,2815.0,87.7500680996929,87.98656623573271,80.0137865922319,93.40746364500198
distributed_movable,Distributed movable (Opt. 1),47,2820.0,2875.0,81.22396008901795,80.67868685097983,79.40322282545223,83.58177100034985
distributed_movable,Distributed movable (Opt. 1),48,2880.0,2935.0,105.2294313556859,105.53691715841481,100.09042122521886,110.77932417236032
distributed_movable,Distributed movable (Opt. 1),49,2940.0,2995.0,99.39445401723633,99.66891382340415,96.11525979077788,102.02430582545074
distributed_movable,Distributed movable (Opt. 1),50,3000.0,3055.0,109.50787765992199,110.80123334516303,101.12453908439166,118.77831468137848
distributed_movable,Distributed movable (Opt. 1),51,3060.0,3115.0,110.76087981672765,109.93309281516173,101.96857819133821,121.86217514499458
distributed_movable,Distributed movable (Opt. 1),52,3120.0,3175.0,109.78944561884258,109.64224475745736,104.23855507944764,118.62254799146766
distributed_movable,Distributed movable (Opt. 1),53,3180.0,3235.0,108.60141965833559,111.39617785434183,99.16995304796109,117.07844590180513
distributed_movable,Distributed movable (Opt. 1),54,3240.0,3295.0,105.26854274049174,104.97772538315186,97.05880346826025,117.36186191075615
distributed_movable,Distributed movable (Opt. 1),55,3300.0,3355.0,112.77795356533106,112.11918756596947,110.23831498697218,117.79546693643277
distributed_movable,Distributed movable (Opt. 1),56,3360.0,3415.0,108.61962567981429,109.894472315174,101.02400243188863,112.30284028066121
distributed_movable,Distributed movable (Opt. 1),57,3420.0,3475.0,120.0665792805785,119.33458196667016,115.12355849638506,123.77040455669837
distributed_movable,Distributed movable (Opt. 1),58,3480.0,3535.0,115.63048383902755,115.0362529928826,109.24207036724114,122.39241892744974
distributed_movable,Distributed movable (Opt. 1),59,3540.0,3595.0,114.05967000756374,114.45469635863728,106.31574864063084,121.18740369738637
distributed_movable,Distributed movable (Opt. 1),60,3600.0,3600.0,98.03608301336303,98.03608301336303,98.03608301336303,98.03608301336303
distributed_movable_optimization_2,Distributed movable (Opt. 2),0,0.0,55.0,126.14525336050231,124.28232873759458,117.27266522444657,134.6800810598858
distributed_movable_optimization_2,Distributed movable (Opt. 2),1,60.0,115.0,129.56029454465073,127.72114549908895,123.10447771843513,138.63264552644435
distributed_movable_optimization_2,Distributed movable (Opt. 2),2,120.0,175.0,152.38574748529336,154.58870610042186,146.32819615954838,159.09029801693927
distributed_movable_optimization_2,Distributed movable (Opt. 2),3,180.0,235.0,136.5921629526007,137.51532822103076,122.7551486852833,153.49990332385784
distributed_movable_optimization_2,Distributed movable (Opt. 2),4,240.0,295.0,144.18680378595184,142.17642233972785,132.3639457559902,156.78765116633505
distributed_movable_optimization_2,Distributed movable (Opt. 2),5,300.0,355.0,139.92488148161723,141.55452463893135,129.91464821185176,151.32961381094876
distributed_movable_optimization_2,Distributed movable (Opt. 2),6,360.0,415.0,125.77659537797024,126.64904768963653,120.34601212467658,130.40197702455785
distributed_movable_optimization_2,Distributed movable (Opt. 2),7,420.0,475.0,153.83947484803184,156.36123204199444,143.6861346102974,160.69686131158988
distributed_movable_optimization_2,Distributed movable (Opt. 2),8,480.0,535.0,127.729934066387,128.44660980415728,116.85335168368829,136.44456819714713
distributed_movable_optimization_2,Distributed movable (Opt. 2),9,540.0,595.0,135.81319137855093,134.84317640419994,127.97528411438671,145.2901478064719
distributed_movable_optimization_2,Distributed movable (Opt. 2),10,600.0,655.0,149.64564685994497,151.42172288125158,140.1427545415927,159.8936525313296
distributed_movable_optimization_2,Distributed movable (Opt. 2),11,660.0,715.0,136.89587837770858,140.92551831304826,120.78061515051434,150.8149830240732
distributed_movable_optimization_2,Distributed movable (Opt. 2),12,720.0,775.0,115.29266932648004,109.58332783579769,102.81765531970204,130.04236261709713
distributed_movable_optimization_2,Distributed movable (Opt. 2),13,780.0,835.0,116.35521888883831,117.77459889792082,107.21703343258382,123.90969867052021
distributed_movable_optimization_2,Distributed movable (Opt. 2),14,840.0,895.0,100.32033822627756,103.01064835679693,82.39076411957674,112.0268954433061
distributed_movable_optimization_2,Distributed movable (Opt. 2),15,900.0,955.0,124.28771147055545,127.35263266123664,115.34534811967255,130.62717837168637
distributed_movable_optimization_2,Distributed movable (Opt. 2),16,960.0,1015.0,130.35443343022314,135.2930260911976,112.92441259058776,142.86081574203502
distributed_movable_optimization_2,Distributed movable (Opt. 2),17,1020.0,1075.0,138.4099796510844,135.6895944356458,127.97582220515964,153.6398839066966
distributed_movable_optimization_2,Distributed movable (Opt. 2),18,1080.0,1135.0,132.5126241416846,135.17955601596475,106.02297966941013,141.9944992823147
distributed_movable_optimization_2,Distributed movable (Opt. 2),19,1140.0,1195.0,142.38234016587327,145.36362952534878,139.87958470261694,152.61266479849118
distributed_movable_optimization_2,Distributed movable (Opt. 2),20,1200.0,1255.0,158.5776921701204,158.86933777774095,151.20612845770182,165.83076397218284
distributed_movable_optimization_2,Distributed movable (Opt. 2),21,1260.0,1315.0,173.68646686722093,171.61166121786158,164.6008143926874,184.33175640816688
distributed_movable_optimization_2,Distributed movable (Opt. 2),22,1320.0,1375.0,164.72709757871004,164.1238112616852,159.34269164174285,170.47470660737164
distributed_movable_optimization_2,Distributed movable (Opt. 2),23,1380.0,1435.0,145.69664254707922,148.52067406735253,134.9157552922236,155.98372978621947
distributed_movable_optimization_2,Distributed movable (Opt. 2),24,1440.0,1495.0,147.69776659323216,150.28467218099422,139.63676430090288,153.4085383459545
distributed_movable_optimization_2,Distributed movable (Opt. 2),25,1500.0,1555.0,148.02540989548302,150.2386885895769,133.72714243855128,154.7382503618554
distributed_movable_optimization_2,Distributed movable (Opt. 2),26,1560.0,1615.0,127.72732152932566,127.14327541431408,121.466723008071,133.79596440320725
distributed_movable_optimization_2,Distributed movable (Opt. 2),27,1620.0,1675.0,131.2413297559843,129.60872577643119,127.32764399111142,136.87783617668063
distributed_movable_optimization_2,Distributed movable (Opt. 2),28,1680.0,1735.0,117.71490253918903,116.02687950745883,109.8098053107842,131.67844745516192
distributed_movable_optimization_2,Distributed movable (Opt. 2),29,1740.0,1795.0,118.1740721783085,119.76480534027195,114.28045939906215,126.4823441872929
distributed_movable_optimization_2,Distributed movable (Opt. 2),30,1800.0,1855.0,112.50822841180126,111.72345334616504,105.46621888012226,117.08004456969067
distributed_movable_optimization_2,Distributed movable (Opt. 2),31,1860.0,1915.0,128.83986146690947,129.6823482903846,119.60265777868574,138.07468194144406
distributed_movable_optimization_2,Distributed movable (Opt. 2),32,1920.0,1975.0,138.27586397880359,137.51615815474082,131.70028527288434,146.3474654120011
distributed_movable_optimization_2,Distributed movable (Opt. 2),33,1980.0,2035.0,136.90567334723053,134.56465882511606,131.0037918518513,146.40146438257887
distributed_movable_optimization_2,Distributed movable (Opt. 2),34,2040.0,2095.0,126.61481343445946,126.74521352733382,118.20731523998427,132.3539438358176
distributed_movable_optimization_2,Distributed movable (Opt. 2),35,2100.0,2155.0,154.16611852903813,152.72394629897508,146.33316484237673,164.83802672925367
distributed_movable_optimization_2,Distributed movable (Opt. 2),36,2160.0,2215.0,134.38854250025915,134.29563813161536,128.76075000126178,138.83306444178788
distributed_movable_optimization_2,Distributed movable (Opt. 2),37,2220.0,2275.0,120.35247690904002,126.45799536907609,85.21269605802124,139.86451290503322
distributed_movable_optimization_2,Distributed movable (Opt. 2),38,2280.0,2335.0,108.67250572467474,109.14917383783052,103.73279281225298,112.02575250384125
distributed_movable_optimization_2,Distributed movable (Opt. 2),39,2340.0,2395.0,126.47167703177335,128.44249712482176,112.3135632554952,138.0340256442469
distributed_movable_optimization_2,Distributed movable (Opt. 2),40,2400.0,2455.0,120.45213783427938,121.71789702799184,112.89180818221996,126.80115548240904
distributed_movable_optimization_2,Distributed movable (Opt. 2),41,2460.0,2515.0,121.91003209917864,119.70559080029601,109.73442295680572,134.72265176755107
distributed_movable_optimization_2,Distributed movable (Opt. 2),42,2520.0,2575.0,115.49968398770682,118.41664701149867,103.30925923414154,123.85633255942861
distributed_movable_optimization_2,Distributed movable (Opt. 2),43,2580.0,2635.0,130.45753258568988,131.3225834095698,125.55099971445235,137.94968681632366
distributed_movable_optimization_2,Distributed movable (Opt. 2),44,2640.0,2695.0,151.12156256801973,151.97065164309095,141.5817864648994,158.0689387654769
distributed_movable_optimization_2,Distributed movable (Opt. 2),45,2700.0,2755.0,105.04532874419532,99.88458703013924,91.89447406486313,118.06453700397442
distributed_movable_optimization_2,Distributed movable (Opt. 2),46,2760.0,2815.0,117.09229552090422,116.95709478619341,110.28686638316873,125.62643372235492
distributed_movable_optimization_2,Distributed movable (Opt. 2),47,2820.0,2875.0,130.62004485146838,129.86497485326274,126.7675703179371,135.88847806262015
distributed_movable_optimization_2,Distributed movable (Opt. 2),48,2880.0,2935.0,116.07906231336715,116.79101961689187,105.70382319901569,122.34123980517033
distributed_movable_optimization_2,Distributed movable (Opt. 2),49,2940.0,2995.0,117.557182730691,117.94610561588709,113.93297520392267,120.85053437003104
distributed_movable_optimization_2,Distributed movable (Opt. 2),50,3000.0,3055.0,130.8288224415326,128.93217830724404,125.74890615588593,138.3448705388781
distributed_movable_optimization_2,Distributed movable (Opt. 2),51,3060.0,3115.0,129.90991432217635,130.48789303110198,125.43270700689926,136.90767358256994
distributed_movable_optimization_2,Distributed movable (Opt. 2),52,3120.0,3175.0,131.92627955717924,134.1573187627523,117.35662370053197,142.55156139353218
distributed_movable_optimization_2,Distributed movable (Opt. 2),53,3180.0,3235.0,154.5233425705422,154.1512375708731,147.22726369312866,162.55751905083022
distributed_movable_optimization_2,Distributed movable (Opt. 2),54,3240.0,3295.0,134.85732763271702,135.37167418449425,131.0634693871375,139.5088864921756
distributed_movable_optimization_2,Distributed movable (Opt. 2),55,3300.0,3355.0,131.00758774872023,133.31335230956614,121.40736014797042,137.0697027887706
distributed_movable_optimization_2,Distributed movable (Opt. 2),56,3360.0,3415.0,140.22882793256645,140.86652172622553,133.5647327741878,145.01007545653135
distributed_movable_optimization_2,Distributed movable (Opt. 2),57,3420.0,3475.0,120.54424784002015,120.43941758619287,115.32192857627501,126.88261685035587
distributed_movable_optimization_2,Distributed movable (Opt. 2),58,3480.0,3535.0,155.8847448634247,155.26144117568037,147.92935349850433,163.42395957023317
distributed_movable_optimization_2,Distributed movable (Opt. 2),59,3540.0,3595.0,149.3149968065245,145.9843768651084,139.0426978824256,160.0843742591699
distributed_movable_optimization_2,Distributed movable (Opt. 2),60,3600.0,3600.0,172.24245139755732,172.24245139755732,172.24245139755732,172.24245139755732
distributed_movable_optimization_3,Distributed movable (Opt. 3),0,0.0,55.0,130.57966165616847,131.71244355782238,127.75640776020597,134.8259592037593
distributed_movable_optimization_3,Distributed movable (Opt. 3),1,60.0,115.0,121.89854178799658,120.65858284537421,118.55074225995094,124.85171640739084
distributed_movable_optimization_3,Distributed movable (Opt. 3),2,120.0,175.0,107.29344985776798,110.10348241400311,103.75234437713763,113.25160755500613
distributed_movable_optimization_3,Distributed movable (Opt. 3),3,180.0,235.0,109.13207271369693,109.60018559624523,101.62376363306389,116.77304750930828
distributed_movable_optimization_3,Distributed movable (Opt. 3),4,240.0,295.0,72.47371995382933,72.19966370346651,64.999915972189,78.57122042268706
distributed_movable_optimization_3,Distributed movable (Opt. 3),5,300.0,355.0,138.2869612427757,140.08241845904686,131.04559205806987,144.21909032592507
distributed_movable_optimization_3,Distributed movable (Opt. 3),6,360.0,415.0,96.27498322221669,96.42787078966981,91.22878666709974,100.77186635905485
distributed_movable_optimization_3,Distributed movable (Opt. 3),7,420.0,475.0,102.00327646699638,101.52052678853062,95.7332858167036,107.44008903549422
distributed_movable_optimization_3,Distributed movable (Opt. 3),8,480.0,535.0,121.93732746972444,121.81574419688002,105.3584181288964,136.49853908289677
distributed_movable_optimization_3,Distributed movable (Opt. 3),9,540.0,595.0,148.34181051208134,148.221178303244,143.77928729920473,154.43584558925468
distributed_movable_optimization_3,Distributed movable (Opt. 3),10,600.0,655.0,150.18978468401744,152.32517950711105,135.71790153147558,159.25137187752748
distributed_movable_optimization_3,Distributed movable (Opt. 3),11,660.0,715.0,126.36719221832222,126.06733275241413,122.45692062720508,132.8122073232094
distributed_movable_optimization_3,Distributed movable (Opt. 3),12,720.0,775.0,138.10207546072473,136.76004775052593,131.401550668984,146.0007491000475
distributed_movable_optimization_3,Distributed movable (Opt. 3),13,780.0,835.0,110.93974887194797,110.85768346501898,103.959674694442,120.19081436801548
distributed_movable_optimization_3,Distributed movable (Opt. 3),14,840.0,895.0,57.19655128787097,62.196659691739384,32.23537966651156,66.44558903906118
distributed_movable_optimization_3,Distributed movable (Opt. 3),15,900.0,955.0,117.78803637070139,119.72173555709018,105.98377936672918,128.0071987653417
distributed_movable_optimization_3,Distributed movable (Opt. 3),16,960.0,1015.0,127.69914538747808,126.96116558426249,117.86546595768436,138.84101684385266
distributed_movable_optimization_3,Distributed movable (Opt. 3),17,1020.0,1075.0,138.97976121847108,136.83330519510264,125.6583980525363,153.12897932601706
distributed_movable_optimization_3,Distributed movable (Opt. 3),18,1080.0,1135.0,157.21278724087065,160.20044798160953,134.95731423202986,167.1068849483753
distributed_movable_optimization_3,Distributed movable (Opt. 3),19,1140.0,1195.0,150.4039419051298,152.38839226454905,145.73747934602233,160.66667559272295
distributed_movable_optimization_3,Distributed movable (Opt. 3),20,1200.0,1255.0,143.7981150078459,146.2590002540269,134.08205988639477,150.23707904871907
distributed_movable_optimization_3,Distributed movable (Opt. 3),21,1260.0,1315.0,142.0561732342758,142.32365457324227,131.98862067539594,149.69780184696532
distributed_movable_optimization_3,Distributed movable (Opt. 3),22,1320.0,1375.0,144.53743785164477,145.80371269491457,137.73592085972626,153.7341570725311
distributed_movable_optimization_3,Distributed movable (Opt. 3),23,1380.0,1435.0,141.7666060574317,143.16665734841985,130.4593432062117,152.41330001801637
distributed_movable_optimization_3,Distributed movable (Opt. 3),24,1440.0,1495.0,137.46711617992796,137.86105311477843,130.51279743368497,147.4084163467382
distributed_movable_optimization_3,Distributed movable (Opt. 3),25,1500.0,1555.0,134.49786346259947,135.39168635500516,125.16154566222797,139.45112560206388
distributed_movable_optimization_3,Distributed movable (Opt. 3),26,1560.0,1615.0,123.75029650480529,127.1436900498831,115.98674478267306,132.07762413540846
distributed_movable_optimization_3,Distributed movable (Opt. 3),27,1620.0,1675.0,126.59649832046956,127.28907687883711,117.93194681330594,134.93321805159056
distributed_movable_optimization_3,Distributed movable (Opt. 3),28,1680.0,1735.0,116.3436770756532,114.77377252039523,105.3204265563114,130.7960870935859
distributed_movable_optimization_3,Distributed movable (Opt. 3),29,1740.0,1795.0,117.94123016460001,118.32050771810401,111.74943518817697,126.82063924487205
distributed_movable_optimization_3,Distributed movable (Opt. 3),30,1800.0,1855.0,116.03811862794346,116.85872427937198,108.28488904364733,120.45588835282688
distributed_movable_optimization_3,Distributed movable (Opt. 3),31,1860.0,1915.0,120.01960201707384,116.96982541954131,108.71017926900963,132.71172806610784
distributed_movable_optimization_3,Distributed movable (Opt. 3),32,1920.0,1975.0,119.19086746637252,119.70783871865507,114.65473578930967,123.45199619581366
distributed_movable_optimization_3,Distributed movable (Opt. 3),33,1980.0,2035.0,144.41055251796178,144.860931209857,136.43621514575707,150.27723825004725
distributed_movable_optimization_3,Distributed movable (Opt. 3),34,2040.0,2095.0,143.33405984189022,143.06514523994875,134.9195339727325,153.67978763233668
distributed_movable_optimization_3,Distributed movable (Opt. 3),35,2100.0,2155.0,140.45886714226233,140.4153227676984,137.01365828858025,143.8538879916588
distributed_movable_optimization_3,Distributed movable (Opt. 3),36,2160.0,2215.0,113.43270595338355,114.43283487561723,104.61699570738007,122.48088345226914
distributed_movable_optimization_3,Distributed movable (Opt. 3),37,2220.0,2275.0,114.68725893710189,120.32675294705464,89.24352299871717,128.65989394255482
distributed_movable_optimization_3,Distributed movable (Opt. 3),38,2280.0,2335.0,108.05167942467175,107.57449130904695,102.10467166268211,116.6482145633995
distributed_movable_optimization_3,Distributed movable (Opt. 3),39,2340.0,2395.0,100.87882639354183,105.85409787537975,83.36758375395075,115.2362511307157
distributed_movable_optimization_3,Distributed movable (Opt. 3),40,2400.0,2455.0,129.5950146693577,131.3104033505901,122.79072194358591,135.9150835839668
distributed_movable_optimization_3,Distributed movable (Opt. 3),41,2460.0,2515.0,124.07937743818871,126.98013981598558,114.1698383446017,131.02265396023603
distributed_movable_optimization_3,Distributed movable (Opt. 3),42,2520.0,2575.0,125.57755947695746,129.18464102729183,112.34759535188506,137.24388661288376
distributed_movable_optimization_3,Distributed movable (Opt. 3),43,2580.0,2635.0,115.96897118066755,116.76153674883554,104.26876180738925,129.16188912791912
distributed_movable_optimization_3,Distributed movable (Opt. 3),44,2640.0,2695.0,121.92233079689369,121.4715481159876,117.0102424306891,128.8486423967013
distributed_movable_optimization_3,Distributed movable (Opt. 3),45,2700.0,2755.0,127.62359921981563,132.23601857573425,108.41520157573402,140.95022300763904
distributed_movable_optimization_3,Distributed movable (Opt. 3),46,2760.0,2815.0,115.12389161425592,114.22833655708168,111.44688093905845,121.0601501738493
distributed_movable_optimization_3,Distributed movable (Opt. 3),47,2820.0,2875.0,119.51126787344343,120.61286728847466,111.13432757114826,125.13062885730905
distributed_movable_optimization_3,Distributed movable (Opt. 3),48,2880.0,2935.0,117.88954569145754,118.26033898862019,107.97960509120271,124.44384618616883
distributed_movable_optimization_3,Distributed movable (Opt. 3),49,2940.0,2995.0,103.33079822567034,104.04177117189333,93.89924121477065,111.43751757124808
distributed_movable_optimization_3,Distributed movable (Opt. 3),50,3000.0,3055.0,90.49351187523195,88.02550419610152,84.304745561878,100.88153803901452
distributed_movable_optimization_3,Distributed movable (Opt. 3),51,3060.0,3115.0,134.26278556639332,135.069393416168,130.15185633498362,141.12914347924865
distributed_movable_optimization_3,Distributed movable (Opt. 3),52,3120.0,3175.0,127.18519287069132,127.96508149488447,118.15258626703579,134.0293677169911
distributed_movable_optimization_3,Distributed movable (Opt. 3),53,3180.0,3235.0,119.32482731985158,118.22793571961466,111.78581191231676,126.13136335042867
distributed_movable_optimization_3,Distributed movable (Opt. 3),54,3240.0,3295.0,134.39170676051268,134.24845679637667,127.40738615643669,141.6076158235681
distributed_movable_optimization_3,Distributed movable (Opt. 3),55,3300.0,3355.0,130.5395217668163,130.55146826041832,123.64376376539018,138.2768141836022
distributed_movable_optimization_3,Distributed movable (Opt. 3),56,3360.0,3415.0,105.58617248930891,105.65074906485592,101.23221163848415,112.1666733802596
distributed_movable_optimization_3,Distributed movable (Opt. 3),57,3420.0,3475.0,62.32953339037615,63.295654556701635,58.40299614564434,67.59330352127562
distributed_movable_optimization_3,Distributed movable (Opt. 3),58,3480.0,3535.0,146.69357905710402,144.37651201060143,138.6609767965659,156.20212067631368
distributed_movable_optimization_3,Distributed movable (Opt. 3),59,3540.0,3595.0,144.81987720625708,146.49136605390805,132.30274619946204,155.15025336339698
distributed_movable_optimization_3,Distributed movable (Opt. 3),60,3600.0,3600.0,147.22934550449398,147.22934550449398,147.22934550449398,147.22934550449398
