time_s,ue_id,x_m,y_m,z_m,vx_mps,vy_mps,vz_mps
0.0,ue_000,-3.395677881548181,46.765007817186415,1.5,0.0,0.0,0.0
0.0,ue_001,-99.39567788154818,-89.23499218281358,1.5,0.0,0.0,0.0
0.0,ue_002,91.19578634009432,-57.234992182813585,1.5,0.9408535778357503,-2.4,0.0
0.0,ue_003,72.83074571472929,32.12102178799046,1.5,-1.341406389957573,-1.0719853777765813,0.0
0.0,ue_004,-88.83456251393298,69.33131232908197,1.5,-0.25611153676152015,-0.1502328663035442,0.0
0.0,ue_005,-19.39567788154818,-45.441448364514756,1.5,-0.3836431014081015,0.0370025167620156,0.0
0.0,ue_006,-74.16223693234109,-8.001551233606488,1.5,0.6766559050792906,2.616601152668444,0.0
0.0,ue_007,51.39653846298708,-0.027208527348848932,1.5,-0.5974892693507442,0.7503180081770775,0.0
0.0,ue_008,36.60432211845182,-78.61427037611361,1.5,0.0,0.5379278193300024,0.0
0.0,ue_009,34.81872580723626,36.97941150597086,1.5,-0.6214403688784443,-0.6214403688784443,0.0
10.0,ue_000,-3.395677881548181,46.765007817186415,1.5,0.0,0.0,0.0
10.0,ue_001,-99.39567788154818,-89.23499218281358,1.5,0.0,0.0,0.0
10.0,ue_002,100.60432211845182,-81.23499218281358,1.5,0.9408535778357503,-2.4,0.0
10.0,ue_003,59.41668181515356,21.401168010224644,1.5,-1.341406389957573,-1.0719853777765813,0.0
10.0,ue_004,-91.39567788154818,67.82898366604653,1.5,-0.25611153676152015,-0.1502328663035442,0.0
10.0,ue_005,-23.232108895629196,-45.0714231968946,1.5,-0.3836431014081015,0.0370025167620156,0.0
10.0,ue_006,-67.39567788154818,18.16446029307795,1.5,0.6766559050792906,2.616601152668444,0.0
10.0,ue_007,45.42164576947964,7.4759715544219265,1.5,-0.5974892693507442,0.7503180081770775,0.0
10.0,ue_008,36.60432211845182,-73.23499218281358,1.5,0.0,0.5379278193300024,0.0
10.0,ue_009,28.60432211845182,30.765007817186415,1.5,-0.6214403688784443,-0.6214403688784443,0.0
20.0,ue_000,-19.43442881933879,42.26325835939497,1.5,-1.603875093779061,-0.45017494577914474,0.0
20.0,ue_001,-107.15392414688314,-82.22611217095255,1.5,-0.775824626533496,0.7008880011861038,0.0
20.0,ue_002,100.60432211845182,-81.23499218281358,1.5,0.0,0.0,0.0
20.0,ue_003,60.60432211845182,14.765007817186415,1.5,0.11876403032982594,-0.663616019303823,0.0
20.0,ue_004,-93.74725798954432,66.63625046856535,1.5,-0.2351580107996142,-0.1192733197481175,0.0
20.0,ue_005,-23.660850916701513,-49.234992182813585,1.5,-0.042874202107231696,-0.4163568985918985,0.0
20.0,ue_006,-56.63363008924938,5.844102659552646,1.5,1.0762047792298801,-1.2320357633525305,0.0
20.0,ue_007,53.64937381407267,14.778216423756039,1.5,0.8227728044593029,0.7302244869334112,0.0
20.0,ue_008,36.60432211845182,-73.23499218281358,1.5,0.0,0.0,0.0
20.0,ue_009,28.60432211845182,30.765007817186415,1.5,0.0,0.0,0.0
30.0,ue_000,-19.43442881933879,42.26325835939497,1.5,0.0,0.0,0.0
30.0,ue_001,-100.42645891635534,-86.10390491300642,1.5,0.6727465230527798,-0.38777927420538705,0.0
30.0,ue_002,84.60432211845182,-81.23499218281358,1.5,-1.6,0.0,0.0
30.0,ue_003,60.60432211845182,14.765007817186415,1.5,0.0,0.0,0.0
30.0,ue_004,-94.64023961089114,58.00956954652938,1.5,-0.089298162134682,-0.8626680922035973,0.0
30.0,ue_005,-15.471302521367207,-42.36689136875198,1.5,0.8189548395334306,0.6868100814061606,0.0
30.0,ue_006,-67.39567788154818,-1.2349921828135848,1.5,-1.0762047792298801,-0.707909484236623,0.0
30.0,ue_007,60.32324692963264,22.442232032130704,1.5,0.6673873115559971,0.7664015608374666,0.0
30.0,ue_008,36.60432211845182,-64.06408605424359,1.5,0.0,0.9170906128569996,0.0
30.0,ue_009,28.60432211845182,38.765007817186415,1.5,0.0,0.8,0.0
40.0,ue_000,-8.954720064648427,50.06000768393278,1.5,1.0479708754690364,0.7796749324537814,0.0
40.0,ue_001,-98.54606522619724,-84.71292452793568,1.5,0.18803936901581011,0.13909803850707333,0.0
40.0,ue_002,84.60432211845182,-81.23499218281358,1.5,0.0,0.0,0.0
40.0,ue_003,38.36382107746372,29.849867983509586,1.5,-2.22405010409881,1.508486016632317,0.0
40.0,ue_004,-91.39567788154818,54.765007817186415,1.5,0.3244561729342962,-0.3244561729342962,0.0
40.0,ue_005,-6.371864021725093,-38.54958622184289,1.5,0.9099438499642114,0.38173051469090924,0.0
40.0,ue_006,-67.39567788154818,-1.2349921828135848,1.5,0.0,0.0,0.0
40.0,ue_007,68.60432211845182,25.516686802732032,1.5,0.828107518881918,0.3074454770601328,0.0
40.0,ue_008,32.25399850315341,-57.234992182813585,1.5,-0.4350323615298407,0.6829093871430004,0.0
40.0,ue_009,28.60432211845182,38.765007817186415,1.5,0.0,0.0,0.0
50.0,ue_000,-8.954720064648427,50.06000768393278,1.5,0.0,0.0,0.0
50.0,ue_001,-98.54606522619724,-84.71292452793568,1.5,0.0,0.0,0.0
50.0,ue_002,92.60432211845182,-81.23499218281358,1.5,0.8,0.0,0.0
50.0,ue_003,10.573035365888678,59.346522055944995,1.5,-2.779078571157504,2.9496654072435406,0.0
50.0,ue_004,-91.39567788154818,54.765007817186415,1.5,0.0,0.0,0.0
50.0,ue_005,4.6691496135562645,-35.39528532970986,1.5,1.1041013635281358,0.31543008921330296,0.0
50.0,ue_006,-67.39567788154818,-1.2349921828135848,1.5,0.0,0.0,0.0
50.0,ue_007,72.52829946710402,34.688985165838616,1.5,0.3923977348652201,0.9172298363106585,0.0
50.0,ue_008,24.606746924338477,-61.23256737692692,1.5,-0.7647251578814934,-0.3997575194113338,0.0
50.0,ue_009,36.60432211845182,33.68862674116668,1.5,0.8,-0.5076381076019736,0.0
60.0,ue_000,-15.82906920601024,26.331616492724358,1.5,-0.6874349141361813,-2.3728391191208424,0.0
60.0,ue_001,-85.05243787462422,-74.73576059066241,1.5,1.3493627351573025,0.9977163937273275,0.0
60.0,ue_002,92.60432211845182,-81.23499218281358,1.5,0.0,0.0,0.0
60.0,ue_003,-3.395677881548181,47.44731387142326,1.5,-1.396871324743686,-1.1899208184521732,0.0
60.0,ue_004,-97.14586170089972,46.765007817186415,1.5,-0.5750183819351534,-0.8,0.0
60.0,ue_005,14.43431854297086,-32.60547978436988,1.5,0.9765168929414596,0.27898055453399806,0.0
60.0,ue_006,-48.67970125898594,5.4939544131878755,1.5,1.8715976622562238,0.672894659600146,0.0
60.0,ue_007,76.60432211845182,38.765007817186415,1.5,0.4076022651347799,0.4076022651347799,0.0
60.0,ue_008,26.285365569702474,-65.23499218281358,1.5,0.1678618645363997,-0.4002424805886662,0.0
60.0,ue_009,36.60432211845182,30.765007817186415,1.5,0.0,-0.2923618923980264,0.0
70.0,ue_000,-8.6735366114243,44.01637468332799,1.5,0.715553259458594,1.768475819060363,0.0
70.0,ue_001,-71.93547830343743,-65.03710413672825,1.5,1.3116959571186784,0.9698656453934162,0.0
70.0,ue_002,92.60432211845182,-81.23499218281358,1.5,0.0,0.0,0.0
70.0,ue_003,-3.395677881548181,46.765007817186415,1.5,0.0,-0.06823060542368467,0.0
70.0,ue_004,-97.40982693797706,52.77915687361529,1.5,-0.02639652370773433,0.6014149056428877,0.0
70.0,ue_005,24.024081839227723,-29.075799756680805,1.5,0.9589763296256862,0.35296800276890716,0.0
70.0,ue_006,-55.098926515982654,2.468256451620892,1.5,-0.6419225256996711,-0.3025697961566983,0.0
70.0,ue_007,76.60432211845182,38.765007817186415,1.5,0.0,0.0,0.0
70.0,ue_008,22.749177543631745,-59.37984760799351,1.5,-0.3536188026070729,0.5855144574820074,0.0
70.0,ue_009,36.60432211845182,30.765007817186415,1.5,0.0,0.0,0.0
80.0,ue_000,-9.814251594245434,54.9006470059976,1.5,-0.11407149828211338,1.088427232266961,0.0
80.0,ue_001,-67.28093215630174,-51.10753578595199,1.5,0.465454614713569,1.3929568350776258,0.0
80.0,ue_002,92.60432211845182,-81.23499218281358,1.5,0.0,0.0,0.0
80.0,ue_003,-3.395677881548181,46.765007817186415,1.5,0.0,0.0,0.0
80.0,ue_004,-94.33602967890744,51.82465601982716,1.5,0.30737972590696216,-0.0954500853788133,0.0
80.0,ue_005,20.848030353086873,-18.07882407338449,1.5,-0.31760514861408495,1.0996975683296317,0.0
80.0,ue_006,-40.1213881369988,13.053537646428934,1.5,1.4977538378983852,1.0585281194808043,0.0
80.0,ue_007,76.60432211845182,38.765007817186415,1.5,0.0,0.0,0.0
80.0,ue_008,20.60432211845182,-57.234992182813585,1.5,-0.21448554251799265,0.21448554251799265,0.0
80.0,ue_009,36.60432211845182,30.765007817186415,1.5,0.0,0.0,0.0
90.0,ue_000,-9.814251594245434,54.9006470059976,1.5,0.0,0.0,0.0
90.0,ue_001,-67.39567788154818,-49.234992182813585,1.5,-0.011474572524643633,0.18725436031384035,0.0
90.0,ue_002,81.57319875386332,-54.20386881822508,1.5,-1.1031123364588495,2.70311233645885,0.0
90.0,ue_003,-3.395677881548181,46.765007817186415,1.5,0.0,0.0,0.0
90.0,ue_004,-105.36773619148384,46.765007817186415,1.5,-1.1031706512576407,-0.5059648202640744,0.0
90.0,ue_005,21.950898400037296,-8.78435535625995,1.5,0.1102868046950423,0.929446871712454,0.0
90.0,ue_006,-35.39567788154818,14.765007817186415,1.5,0.4725710255450622,0.17114701707574814,0.0
90.0,ue_007,87.57921722544508,41.73990292417967,1.5,1.0974895106993259,0.29748951069932517,0.0
90.0,ue_008,20.60432211845182,-57.234992182813585,1.5,0.0,0.0,0.0
90.0,ue_009,44.60432211845182,25.818662939042486,1.5,0.8,-0.4946344878143929,0.0
100.0,ue_000,-9.814251594245434,54.9006470059976,1.5,0.0,0.0,0.0
100.0,ue_001,-67.39567788154818,-49.234992182813585,1.5,0.0,0.0,0.0
100.0,ue_002,64.04290486848916,-39.728686311388444,1.5,-1.7530293885374164,1.447518250683664,0.0
100.0,ue_003,-15.889483331123062,32.322812209561334,1.5,-1.249380544957488,-1.4442195607625081,0.0
100.0,ue_004,-100.27342967980546,53.88725601892914,1.5,0.5094306511678383,0.7122248201742728,0.0
100.0,ue_005,30.73219006758475,-3.9659995753814963,1.5,0.8781291667547453,0.4818355780878453,0.0
100.0,ue_006,-35.39567788154818,14.765007817186415,1.5,0.0,0.0,0.0
100.0,ue_007,92.60432211845182,46.765007817186415,1.5,0.5025104893006741,0.5025104893006749,0.0
100.0,ue_008,12.099282870657907,-55.01904466620759,1.5,-0.8505039247793912,0.22159475166059933,0.0
100.0,ue_009,49.38011616456536,19.54080186329995,1.5,0.4775794046113539,-0.6277861075742536,0.0
110.0,ue_000,-19.449967268201743,45.96233420104163,1.5,-0.9635715673956309,-0.893831280495597,0.0
110.0,ue_001,-55.99550889064098,-42.88311621059355,1.5,1.1400168990907205,0.6351875972220036,0.0
110.0,ue_002,63.14669479499571,-37.86092315427959,1.5,-0.08962100734934494,0.1867763157108854,0.0
110.0,ue_003,-15.89169809478335,31.698684819042683,1.5,-0.0002214763660289165,-0.062412739051865174,0.0
110.0,ue_004,-91.39567788154818,62.765007817186415,1.5,0.8877751798257278,0.8877751798257272,0.0
110.0,ue_005,28.784421313111068,5.856753247126539,1.5,-0.19477687544736816,0.9822752822508036,0.0
110.0,ue_006,-19.40147628493189,32.48552088479074,1.5,1.5994201596616293,1.7720513067604322,0.0
110.0,ue_007,92.60432211845182,46.765007817186415,1.5,0.0,0.0,0.0
110.0,ue_008,12.604322118451819,-45.50085525417761,1.5,0.05050392477939116,0.9518189412029983,0.0
110.0,ue_009,39.941695134031846,10.102380832766443,1.5,-0.9438421030533511,-0.9438421030533508,0.0
120.0,ue_000,-19.413134054219086,49.13333256837551,1.5,0.003683321398265704,0.317099836733388,0.0
120.0,ue_001,-59.39567788154818,-41.234992182813585,1.5,-0.3400168990907204,0.16481240277799641,0.0
120.0,ue_002,63.14669479499571,-37.86092315427959,1.5,0.0,0.0,0.0
120.0,ue_003,-15.89169809478335,31.698684819042683,1.5,0.0,0.0,0.0
120.0,ue_004,-91.39567788154818,62.765007817186415,1.5,0.0,0.0,0.0
120.0,ue_005,34.629201696099784,4.789887394834381,1.5,0.5844780382988717,-0.10668658522921577,0.0
120.0,ue_006,-7.325931055649305,57.3162873260887,1.5,1.2075545229282583,2.4830766441297962,0.0
120.0,ue_007,92.60432211845182,46.765007817186415,1.5,0.0,0.0,0.0
120.0,ue_008,16.385174255059326,-45.01584431942109,1.5,0.3780852136607507,0.04850109347565166,0.0
120.0,ue_009,36.60432211845182,6.765007817186415,1.5,-0.33373730155800274,-0.33373730155800274,0.0
130.0,ue_000,-27.39567788154818,62.765007817186415,1.5,-0.7982543827329096,1.3631675248810908,0.0
130.0,ue_001,-59.39567788154818,-41.234992182813585,1.5,0.0,0.0,0.0
130.0,ue_002,60.60432211845182,-33.234992182813585,1.5,-0.25423726765438914,0.46259309714660046,0.0
130.0,ue_003,-3.395677881548181,38.765007817186415,1.5,1.249602021323517,0.7066322998143733,0.0
130.0,ue_004,-91.39567788154818,62.765007817186415,1.5,0.0,0.0,0.0
130.0,ue_005,30.745255627926895,-1.2349921828135848,1.5,-0.38839460681728893,-0.6024879577647966,0.0
130.0,ue_006,-3.395677881548181,59.215116797853696,1.5,0.39302531741011243,0.18988294717649978,0.0
130.0,ue_007,99.67239352543177,53.833079224166376,1.5,0.7068071406979953,0.7068071406979961,0.0
130.0,ue_008,16.90099544343298,-52.47588600442144,1.5,0.05158211883736534,-0.7460041685000348,0.0
130.0,ue_009,36.60432211845182,6.765007817186415,1.5,0.0,0.0,0.0
140.0,ue_000,-27.39567788154818,62.765007817186415,1.5,0.0,0.0,0.0
140.0,ue_001,-59.35476336063422,-48.4662567845383,1.5,0.004091452091395808,-0.7231264601724717,0.0
140.0,ue_002,60.60432211845182,-33.234992182813585,1.5,0.0,0.0,0.0
140.0,ue_003,-3.395677881548181,38.765007817186415,1.5,0.0,0.0,0.0
140.0,ue_004,-91.39567788154818,48.304007870217475,1.5,0.0,-1.446099994696894,0.0
140.0,ue_005,40.01261632394235,-1.2349921828135848,1.5,0.9267360696015459,0.0,0.0
140.0,ue_006,-12.501338556525297,52.28353150933981,1.5,-0.9105660674977116,-0.6931585288513886,0.0
140.0,ue_007,107.39907618066034,63.16262235528606,1.5,0.7726682655228572,0.9329543131119685,0.0
140.0,ue_008,13.251481448145828,-53.76187817235657,1.5,-0.36495139952871514,-0.12859921679351274,0.0
140.0,ue_009,28.60432211845182,13.061855236360284,1.5,-0.8,0.6296847419173869,0.0
150.0,ue_000,-41.0169515800328,65.1437341187018,1.5,-1.3621273698484622,0.23787263015153853,0.0
150.0,ue_001,-65.15882696074719,-58.67264193008766,1.5,-0.5804063600112969,-1.0206385145549355,0.0
150.0,ue_002,56.47317986346783,2.8961500721704043,1.5,-0.41311422549839916,3.613114225498399,0.0
150.0,ue_003,-10.911890945150374,60.359157443938095,1.5,-0.7516213063602193,2.159414962675168,0.0
150.0,ue_004,-101.1819034919071,48.55123342754533,1.5,-0.9786225610358912,0.024722555732785166,0.0
150.0,ue_005,48.80162019573852,-5.432290260100289,1.5,0.8789003871796168,-0.4197298077286704,0.0
150.0,ue_006,-12.501338556525297,52.28353150933981,1.5,0.0,0.0,0.0
150.0,ue_007,110.58844895085333,68.43132821478535,1.5,0.3189372770192989,0.5268705859499292,0.0
150.0,ue_008,17.982087393276945,-42.72753080249158,1.5,0.4730605945131117,1.103434736986499,0.0
150.0,ue_009,24.07969430833777,11.289635627300465,1.5,-0.45246278101140475,-0.1772219609059819,0.0
160.0,ue_000,-45.583267910510244,72.95259784614848,1.5,-0.4566316330477441,0.7808863727446678,0.0
160.0,ue_001,-57.74029629431438,-47.57961059557979,1.5,0.7418530666432808,1.109303133450787,0.0
160.0,ue_002,44.60432211845182,22.765007817186415,1.5,-1.1868857745016008,1.986885774501601,0.0
160.0,ue_003,4.604322118451819,70.76500781718642,1.5,1.5516213063602193,1.040585037324832,0.0
160.0,ue_004,-107.39567788154818,54.765007817186415,1.5,-0.6213774389641088,0.6213774389641088,0.0
160.0,ue_005,56.800425812171,-13.431095876532769,1.5,0.7998805616432477,-0.7998805616432481,0.0
160.0,ue_006,-18.70076157618314,50.511228585615754,1.5,-0.6199423019657843,-0.17723029237240553,0.0
160.0,ue_007,106.43644048077388,62.458900656636054,1.5,-0.41520084700794513,-0.5972427558149299,0.0
160.0,ue_008,20.58478190216391,-39.394819874969805,1.5,0.2602694508886966,0.33327109275217737,0.0
160.0,ue_009,28.60432211845182,6.765007817186415,1.5,0.45246278101140475,-0.4524627810114049,0.0
170.0,ue_000,-43.39567788154818,68.05735005645337,1.5,0.2187590028962063,-0.4895247789695105,0.0
170.0,ue_001,-52.179302306420766,-34.99277588784284,1.5,0.5560993987893618,1.2586834707736947,0.0
170.0,ue_002,44.60432211845182,22.765007817186415,1.5,0.0,0.0,0.0
170.0,ue_003,4.604322118451819,70.76500781718642,1.5,0.0,0.0,0.0
170.0,ue_004,-107.39567788154818,54.765007817186415,1.5,0.0,0.0,0.0
170.0,ue_005,64.66441549529812,-21.295085559659885,1.5,0.7863989683127116,-0.7863989683127116,0.0
170.0,ue_006,-18.70076157618314,50.511228585615754,1.5,0.0,0.0,0.0
170.0,ue_007,101.55615222348783,55.941371561138205,1.5,-0.4880288257286054,-0.6517529095497849,0.0
170.0,ue_008,20.60333694112987,-48.7388710314964,1.5,0.0018555038965960336,-0.9344051156526596,0.0
170.0,ue_009,28.60432211845182,6.765007817186415,1.5,0.0,0.0,0.0
180.0,ue_000,-43.39567788154818,78.76500781718642,1.5,0.0,1.0707657760733043,0.0
180.0,ue_001,-59.39567788154818,-41.33054778069136,1.5,-0.7216375575127415,-0.6337771892848523,0.0
180.0,ue_002,44.60432211845182,22.765007817186415,1.5,0.0,0.0,0.0
180.0,ue_003,-27.39567788154818,84.37144028931515,1.5,-3.2,1.360643247212873,0.0
180.0,ue_004,-99.39567788154818,48.37123839684493,1.5,0.8,-0.6393769420341485,0.0
180.0,ue_005,68.60432211845182,-21.267940995896446,1.5,0.39399066231537033,0.0027144563763439322,0.0
180.0,ue_006,-15.136604417614404,53.5057854587943,1.5,0.35641571585687365,0.29945568731785455,0.0
180.0,ue_007,108.73130611486863,64.809121016043,1.5,0.7175153891380802,0.886774945490479,0.0
180.0,ue_008,27.033676011402537,-42.80563828986286,1.5,0.6430339070272666,0.5933232741633538,0.0
180.0,ue_009,28.60432211845182,6.765007817186415,1.5,0.0,0.0,0.0
190.0,ue_000,-43.39567788154818,78.76500781718642,1.5,0.0,0.0,0.0
190.0,ue_001,-59.39567788154818,-54.796748391698976,1.5,0.0,-1.3466200611007615,0.0
190.0,ue_002,36.60432211845182,30.765007817186415,1.5,-0.8,0.8,0.0
190.0,ue_003,-11.395677881548181,94.76500781718642,1.5,1.6,1.039356752787127,0.0
190.0,ue_004,-91.90419083352265,38.25649486521195,1.5,0.7491487048025534,-1.0114743531632981,0.0
190.0,ue_005,63.428063569005374,-22.41125073226003,1.5,-0.5176258549446444,-0.11433097363635839,0.0
190.0,ue_006,-13.576309218650493,39.50214885071707,1.5,0.15602951989639102,-1.400363660807723,0.0
190.0,ue_007,109.30360968833632,75.92700464239574,1.5,0.05723035734676927,1.111788362635275,0.0
190.0,ue_008,25.165207637371527,-32.23915273933826,1.5,-0.18684683740310107,1.0566485550524605,0.0
190.0,ue_009,32.68631570034686,-1.2349921828135848,1.5,0.40819935818950415,-0.8,0.0
200.0,ue_000,-40.73346433912963,73.42722135960497,1.5,0.2662213542418549,-0.5337786457581444,0.0
200.0,ue_001,-67.11767430751563,-63.67495365212981,1.5,-0.7721996425967447,-0.8878205260430831,0.0
200.0,ue_002,36.60432211845182,30.765007817186415,1.5,0.0,0.0,0.0
200.0,ue_003,-11.395677881548181,94.76500781718642,1.5,0.0,0.0,0.0
200.0,ue_004,-99.39567788154818,30.765007817186415,1.5,-0.7491487048025534,-0.7491487048025534,0.0
200.0,ue_005,60.43042737518903,-33.511729567883165,1.5,-0.2997636193816341,-1.1100478835623135,0.0
200.0,ue_006,-12.501338556525297,52.28353150933981,1.5,0.1074970662125196,1.278138265862274,0.0
200.0,ue_007,102.09756022073321,78.76500781718642,1.5,-0.7206049467603108,0.28380031747906714,0.0
200.0,ue_008,24.234848354710266,-29.80557200871408,1.5,-0.09303592826612608,0.2433580730624179,0.0
200.0,ue_009,25.310966876475927,-9.697019271003047,1.5,-0.7375348823870933,-0.8462027088189462,0.0
210.0,ue_000,-27.39567788154818,70.76500781718642,1.5,1.333778645758145,-0.26622135424185556,0.0
210.0,ue_001,-76.83411527122514,-74.67342957249055,1.5,-0.9716440963709516,-1.099847592036074,0.0
210.0,ue_002,44.60432211845182,14.765007817186415,1.5,0.8,-1.6,0.0
210.0,ue_003,0.2629905309295282,70.28942338749766,1.5,1.1658668412477708,-2.4475584429688753,0.0
210.0,ue_004,-99.39567788154818,30.765007817186415,1.5,0.0,0.0,0.0
210.0,ue_005,54.9172670483548,-42.28541383050545,1.5,-0.5513160326834232,-0.8773684262622282,0.0
210.0,ue_006,-12.501338556525297,52.28353150933981,1.5,0.0,0.0,0.0
210.0,ue_007,100.60432211845182,78.76500781718642,1.5,-0.14932381022813956,0.0,0.0
210.0,ue_008,24.234848354710266,-29.80557200871408,1.5,0.0,0.0,0.0
210.0,ue_009,21.817722984134345,-22.918381580486933,1.5,-0.34932438923415815,-1.3221362309483886,0.0
220.0,ue_000,-27.39567788154818,70.76500781718642,1.5,0.0,0.0,0.0
220.0,ue_001,-90.99172930782692,-81.23499218281358,1.5,-1.415761403660177,-0.6561562610323037,0.0
220.0,ue_002,44.60432211845182,14.765007817186415,1.5,0.0,0.0,0.0
220.0,ue_003,0.2629905309295282,70.28942338749766,1.5,0.0,0.0,0.0
220.0,ue_004,-93.30313834087809,22.765007817186415,1.5,0.6092539540670089,-0.8,0.0
220.0,ue_005,44.761048242525156,-49.1316992365783,1.5,-1.0156218805829647,-0.6846285406072852,0.0
220.0,ue_006,-18.34272596009395,31.808266725192976,1.5,-0.5841387403568653,-2.0475264784146834,0.0
220.0,ue_007,100.60432211845182,78.76500781718642,1.5,0.0,0.0,0.0
220.0,ue_008,20.60432211845182,-33.234992182813585,1.5,-0.36305262362584473,-0.3429420174099505,0.0
220.0,ue_009,26.344145708291244,-23.73731477834096,1.5,0.45264227241568983,-0.0818933197854026,0.0
230.0,ue_000,-27.39567788154818,70.76500781718642,1.5,0.0,0.0,0.0
230.0,ue_001,-91.39567788154818,-81.23499218281358,1.5,-0.04039485737212658,0.0,0.0
230.0,ue_002,36.60432211845182,6.765007817186415,1.5,-0.8,-0.8,0.0
230.0,ue_003,-11.401302496136818,46.14590706974957,1.5,-1.1664293027066346,-2.4143516317748093,0.0
230.0,ue_004,-103.7968447333949,27.166174669033136,1.5,-1.0493706392516813,0.4401166851846721,0.0
230.0,ue_005,36.60432211845182,-49.234992182813585,1.5,-0.8156726124073337,-0.01032929462352854,0.0
230.0,ue_006,-12.286423868266866,19.73342588264495,1.5,0.6056302091827085,-1.2074840842548025,0.0
230.0,ue_007,108.44730003725421,70.92202989838403,1.5,0.784297791880239,-0.784297791880239,0.0
230.0,ue_008,20.60432211845182,-33.234992182813585,1.5,0.0,0.0,0.0
230.0,ue_009,29.894162422587694,-11.244308840485338,1.5,0.35500167142964506,1.2493005937855621,0.0
240.0,ue_000,-27.39567788154818,86.76500781718642,1.5,0.0,1.6,0.0
240.0,ue_001,-91.39567788154818,-81.23499218281358,1.5,0.0,0.0,0.0
240.0,ue_002,36.60432211845182,6.765007817186415,1.5,0.0,0.0,0.0
240.0,ue_003,-11.432963887986602,36.294716801851116,1.5,-0.0031661391849784337,-0.9851190267898453,0.0
240.0,ue_004,-100.89180816218436,37.268877536550235,1.5,0.29050365712105447,1.01027028675171,0.0
240.0,ue_005,36.60432211845182,-49.234992182813585,1.5,0.0,0.0,0.0
240.0,ue_006,-12.286423868266866,19.73342588264495,1.5,0.0,0.0,0.0
240.0,ue_007,108.60432211845182,70.76500781718642,1.5,0.015702208119760995,-0.015702208119760995,0.0
240.0,ue_008,12.604322118451819,-35.16358903836005,1.5,-0.8,-0.19285968555464664,0.0
240.0,ue_009,23.83587110584136,-2.6209867482144844,1.5,-0.6058291316746335,0.8623322092270854,0.0
250.0,ue_000,-27.39567788154818,86.76500781718642,1.5,0.0,0.0,0.0
250.0,ue_001,-91.39567788154818,-81.23499218281358,1.5,0.0,0.0,0.0
250.0,ue_002,41.913323478937386,6.765007817186415,1.5,0.5309001360485567,0.0,0.0
250.0,ue_003,-1.8469869540957236,21.216316889733957,1.5,0.958597693389088,-1.507839991211716,0.0
250.0,ue_004,-91.42043724876038,46.740248449974224,1.5,0.9471370913423982,0.9471370913423989,0.0
250.0,ue_005,36.60432211845182,-49.234992182813585,1.5,0.0,0.0,0.0
250.0,ue_006,-19.658026855438948,34.175891754217446,1.5,-0.7371602987172082,1.4442465871572494,0.0
250.0,ue_007,108.60432211845182,70.76500781718642,1.5,0.0,0.0,0.0
250.0,ue_008,12.604322118451819,-41.234992182813585,1.5,0.0,-0.6071403144453533,0.0
250.0,ue_009,20.073818151701335,6.234503850435931,1.5,-0.37620529541400244,0.8855490598650416,0.0
260.0,ue_000,-19.39567788154818,94.76500781718642,1.5,0.8,0.8,0.0
260.0,ue_001,-99.39567788154818,-85.68490130139368,1.5,-0.8,-0.4449909118580095,0.0
260.0,ue_002,47.575704520752794,6.147772330450308,1.5,0.5662381041815407,-0.06172354867361074,0.0
260.0,ue_003,-3.395677881548181,22.765007817186415,1.5,-0.15486909274524577,0.15486909274524585,0.0
260.0,ue_004,-79.61480697861894,54.765007817186415,1.5,1.1805630270141436,0.8024759367212191,0.0
260.0,ue_005,46.691388530618454,-44.72152291355286,1.5,1.0087066412166634,0.4513469269260725,0.0
260.0,ue_006,-19.658026855438948,34.175891754217446,1.5,0.0,0.0,0.0
260.0,ue_007,108.60432211845182,70.76500781718642,1.5,0.0,0.0,0.0
260.0,ue_008,12.604322118451819,-41.234992182813585,1.5,0.0,0.0,0.0
260.0,ue_009,15.112936629519293,-6.093892420422415,1.5,-0.49608815221820424,-1.2328396270858346,0.0
270.0,ue_000,-19.39567788154818,94.76500781718642,1.5,0.0,0.0,0.0
270.0,ue_001,-99.39567788154818,-81.23499218281358,1.5,0.0,0.4449909118580095,0.0
270.0,ue_002,69.38456677699926,-0.45474752426614007,1.5,2.180886225624647,-0.6602519854716448,0.0
270.0,ue_003,-3.395677881548181,22.765007817186415,1.5,0.0,0.0,0.0
270.0,ue_004,-81.26195440597351,60.63128434161174,1.5,-0.1647147427354568,0.5866276524425323,0.0
270.0,ue_005,47.05303597089369,-44.199369221925735,1.5,0.036164744027523454,0.05221536916271248,0.0
270.0,ue_006,-19.40749360645681,30.93106721195064,1.5,0.025053324898213703,-0.32448245422668054,0.0
270.0,ue_007,110.07507332406159,72.79608062527714,1.5,0.14707512056097727,0.20310728080907267,0.0
270.0,ue_008,4.604322118451819,-43.651397998891916,1.5,-0.8,-0.24164058160783314,0.0
270.0,ue_009,20.956829015790486,-18.455535928764576,1.5,0.5843892386271193,-1.236164350834216,0.0
280.0,ue_000,-10.41708291007894,85.78641284571718,1.5,0.897859497146924,-0.8978594971469235,0.0
280.0,ue_001,-99.39567788154818,-81.23499218281358,1.5,0.0,0.0,0.0
280.0,ue_002,68.60432211845182,-1.2349921828135848,1.5,-0.07802446585474457,-0.07802446585474447,0.0
280.0,ue_003,-3.395677881548181,22.765007817186415,1.5,0.0,0.0,0.0
280.0,ue_004,-92.74547697791584,61.41520872081875,1.5,-1.148352257194233,0.07839243792070079,0.0
280.0,ue_005,47.05303597089369,-44.199369221925735,1.5,0.0,0.0,0.0
280.0,ue_006,-5.977861846073553,15.13562281054688,1.5,1.3429631760383258,-1.579544440140376,0.0
280.0,ue_007,108.60432211845182,78.76500781718642,1.5,-0.14707512056097727,0.5968927191909273,0.0
280.0,ue_008,4.604322118451819,-49.234992182813585,1.5,0.0,-0.5583594183921669,0.0
280.0,ue_009,26.843054380886787,-30.52869366572401,1.5,0.5886225365096301,-1.2073157736959435,0.0
290.0,ue_000,-3.395677881548181,78.76500781718642,1.5,0.7021405028530759,-0.7021405028530765,0.0
290.0,ue_001,-99.39567788154818,-81.23499218281358,1.5,0.0,0.0,0.0
290.0,ue_002,68.60432211845182,-1.2349921828135848,1.5,0.0,0.0,0.0
290.0,ue_003,9.196085355966742,7.374821482686905,1.5,1.2591763237514924,-1.5390186334499512,0.0
290.0,ue_004,-101.45661695088322,56.82594688652145,1.5,-0.8711139972967373,-0.4589261834297297,0.0
290.0,ue_005,50.71293434428331,-47.34360440864508,1.5,0.36598983733896234,-0.31442351867193424,0.0
290.0,ue_006,15.265539472063187,-6.38946672433601,1.5,2.124340131813674,-2.1525089534882893,0.0
290.0,ue_007,108.60432211845182,78.76500781718642,1.5,0.0,0.0,0.0
290.0,ue_008,4.604322118451819,-49.234992182813585,1.5,0.0,0.0,0.0
290.0,ue_009,36.60432211845182,-30.739125434168358,1.5,0.9761267737565031,-0.021043176844434797,0.0
300.0,ue_000,-3.395677881548181,78.76500781718642,1.5,0.0,0.0,0.0
300.0,ue_001,-93.34101361175865,-83.18032791302406,1.5,0.6054664269789527,-0.19453357302104735,0.0
300.0,ue_002,68.60432211845182,-1.2349921828135848,1.5,0.0,0.0,0.0
300.0,ue_003,12.604322118451819,20.777295468684056,1.5,0.3408236762485076,1.3402473985997152,0.0
300.0,ue_004,-100.7518717340717,62.765007817186415,1.5,0.07047452168115172,0.5939060930664966,0.0
300.0,ue_005,42.69860376113246,-40.90555370156109,1.5,-0.8014330583150852,0.6438050707083989,0.0
300.0,ue_006,18.05063367218751,-5.387765861643112,1.5,0.2785094200124322,0.1001700862692898,0.0
300.0,ue_007,108.60432211845182,78.76500781718642,1.5,0.0,0.0,0.0
300.0,ue_008,-6.610306595884785,-46.855392870945344,1.5,-1.1214628714336603,0.23795993118682404,0.0
300.0,ue_009,36.60432211845182,-25.234992182813585,1.5,0.0,0.5504133251354772,0.0
310.0,ue_000,4.604322118451819,63.09205182538884,1.5,0.8,-1.5672955991797572,0.0
310.0,ue_001,-93.41484373234951,-71.21582633201226,1.5,-0.007383012059085559,1.1964501581011802,0.0
310.0,ue_002,60.60432211845182,6.765007817186415,1.5,-0.8,0.8,0.0
310.0,ue_003,4.604322118451819,22.765007817186415,1.5,-0.8,0.19877123485023596,0.0
310.0,ue_004,-91.42104371014028,54.79037364577851,1.5,0.9330828023931417,-0.7974634171407906,0.0
310.0,ue_005,32.76033342631051,-39.531314378569945,1.5,-0.993827033482195,0.13742393229911443,0.0
310.0,ue_006,28.60432211845182,-1.2349921828135848,1.5,1.055368844626431,0.4152773678829528,0.0
310.0,ue_007,100.04672680020958,87.32260313542865,1.5,-0.8557595318242235,0.8557595318242235,0.0
310.0,ue_008,-14.6397865092149,-40.91164428461343,1.5,-0.8029479913330115,0.5943748586331914,0.0
310.0,ue_009,36.60432211845182,-25.234992182813585,1.5,0.0,0.0,0.0
320.0,ue_000,4.604322118451819,70.76500781718642,1.5,0.0,0.7672955991797572,0.0
320.0,ue_001,-99.39567788154818,-59.88206744781352,1.5,-0.598083414919867,1.1333758884198737,0.0
320.0,ue_002,60.60432211845182,6.765007817186415,1.5,0.0,0.0,0.0
320.0,ue_003,4.604322118451819,22.765007817186415,1.5,0.0,0.0,0.0
320.0,ue_004,-86.51965111718694,51.64103458154766,1.5,0.4901392592953343,-0.3149339064230851,0.0
320.0,ue_005,23.35574028348629,-40.849378025402295,1.5,-0.9404593142824218,-0.13180636468323498,0.0
320.0,ue_006,28.60432211845182,-1.2349921828135848,1.5,0.0,0.0,0.0
320.0,ue_007,91.73224223314621,94.76500781718642,1.5,-0.8314484567063374,0.7442404681757765,0.0
320.0,ue_008,-14.6397865092149,-40.91164428461343,1.5,0.0,0.0,0.0
320.0,ue_009,44.60432211845182,-33.234992182813585,1.5,0.8,-0.8,0.0
330.0,ue_000,4.604322118451819,70.76500781718642,1.5,0.0,0.0,0.0
330.0,ue_001,-93.041576522628,-49.234992182813585,1.5,0.6354101358920176,1.0647075264999935,0.0
330.0,ue_002,60.60432211845182,6.765007817186415,1.5,0.0,0.0,0.0
330.0,ue_003,4.604322118451819,22.765007817186415,1.5,0.0,0.0,0.0
330.0,ue_004,-91.39567788154818,41.19396870316309,1.5,-0.4876026764361242,-1.0447065878384572,0.0
330.0,ue_005,12.604322118451819,-42.65617985842173,1.5,-1.0751418165034472,-0.1806801833019435,0.0
330.0,ue_006,28.218171400107025,-10.021956140320752,1.5,-0.03861507183447941,-0.8786963957507167,0.0
330.0,ue_007,87.8839731207774,91.48535681486084,1.5,-0.3848269112368811,-0.3279651002325579,0.0
330.0,ue_008,-14.6397865092149,-40.91164428461343,1.5,0.0,0.0,0.0
330.0,ue_009,44.60432211845182,-33.234992182813585,1.5,0.0,0.0,0.0
340.0,ue_000,28.60432211845182,54.9892684308397,1.5,2.4,-1.5775739386346714,0.0
340.0,ue_001,-99.39567788154818,-49.234992182813585,1.5,-0.6354101358920176,0.0,0.0
340.0,ue_002,50.34448198167938,17.13380396436199,1.5,-1.025984013677244,1.0368796147175576,0.0
340.0,ue_003,-11.944379020502948,15.313708956141182,1.5,-1.654870113895477,-0.7451298861045232,0.0
340.0,ue_004,-98.33436678048207,31.82631891825252,1.5,-0.693868889893389,-0.9367649784910566,0.0
340.0,ue_005,12.604322118451819,-49.234992182813585,1.5,0.0,-0.6578812324391855,0.0
340.0,ue_006,28.60432211845182,-25.234992182813585,1.5,0.03861507183447941,-1.5213036042492833,0.0
340.0,ue_007,95.08083092951334,84.2884990061249,1.5,0.7196857808735941,-0.7196857808735941,0.0
340.0,ue_008,-19.040192115114266,-50.11568898001352,1.5,-0.44004056058993657,-0.9204044695400093,0.0
340.0,ue_009,37.20378610649415,-41.18928999215156,1.5,-0.7400536011957669,-0.7954297809337973,0.0
350.0,ue_000,28.60432211845182,54.765007817186415,1.5,0.0,-0.022426061365328563,0.0
350.0,ue_001,-99.39567788154818,-49.234992182813585,1.5,0.0,0.0,0.0
350.0,ue_002,20.839339250044617,48.45004660482737,1.5,-2.9505142731634764,3.131624264046538,0.0
350.0,ue_003,-9.354217121770985,20.02609011649348,1.5,0.25901618987319636,0.4712381160352299,0.0
350.0,ue_004,-91.39567788154818,30.765007817186415,1.5,0.693868889893389,-0.10613111010661065,0.0
350.0,ue_005,12.604322118451819,-49.234992182813585,1.5,0.0,0.0,0.0
350.0,ue_006,28.60432211845182,-25.234992182813585,1.5,0.0,0.0,0.0
350.0,ue_007,100.60432211845182,82.238028475098,1.5,0.5523491188938479,-0.2050470531026889,0.0
350.0,ue_008,-24.320557003050787,-61.16028777141424,1.5,-0.5280364887936522,-1.1044598791400717,0.0
350.0,ue_009,28.60432211845182,-41.234992182813585,1.5,-0.8599463988042331,-0.0045702190662026965,0.0
360.0,ue_000,28.60432211845182,54.765007817186415,1.5,0.0,0.0,0.0
360.0,ue_001,-103.21189789492642,-61.05121219619183,1.5,-0.3816220013378242,-1.1816220013378242,0.0
360.0,ue_002,0.2629905309295282,70.28942338749766,1.5,-2.057634871911509,2.1839376782670294,0.0
360.0,ue_003,-18.59397278869144,39.7569827676138,1.5,-0.9239755666920454,1.9730892651120318,0.0
360.0,ue_004,-91.39567788154818,30.765007817186415,1.5,0.0,0.0,0.0
360.0,ue_005,12.604322118451819,-49.234992182813585,1.5,0.0,0.0,0.0
360.0,ue_006,20.60432211845182,-17.234992182813585,1.5,-0.8,0.8,0.0
360.0,ue_007,100.60432211845182,86.76500781718642,1.5,0.0,0.45269793420884097,0.0
360.0,ue_008,-28.623432135080495,-70.16033426277232,1.5,-0.4302875132029708,-0.9000046491358085,0.0
360.0,ue_009,28.60432211845182,-41.234992182813585,1.5,0.0,0.0,0.0
370.0,ue_000,0.761841401427084,69.42481279934921,1.5,-2.7842480717024736,1.4659804982162796,0.0
370.0,ue_001,-107.39567788154818,-65.23499218281358,1.5,-0.4183779986621758,-0.4183779986621758,0.0
370.0,ue_002,0.2629905309295282,70.28942338749766,1.5,0.0,0.0,0.0
370.0,ue_003,-18.41782747943724,31.77754453669919,1.5,0.017614530925419914,-0.7979438230914611,0.0
370.0,ue_004,-87.54673264559925,26.613953053135344,1.5,0.3848945235948932,-0.41510547640510714,0.0
370.0,ue_005,20.60432211845182,-53.1794204629615,1.5,0.8,-0.39444282801479175,0.0
370.0,ue_006,20.60432211845182,-17.234992182813585,1.5,0.0,0.0,0.0
370.0,ue_007,100.60432211845182,86.76500781718642,1.5,0.0,0.0,0.0
370.0,ue_008,-29.005729143929244,-69.75990673242043,1.5,-0.03822970088487487,0.040042753035189095,0.0
370.0,ue_009,39.435320089468114,-42.235467188778166,1.5,1.0830997971016294,-0.10004750059645814,0.0
380.0,ue_000,13.174346734456618,70.76500781718642,1.5,1.2412505333029533,0.13401950178372032,0.0
380.0,ue_001,-107.39567788154818,-65.23499218281358,1.5,0.0,0.0,0.0
380.0,ue_002,-11.395677881548181,70.76500781718642,1.5,-1.1658668412477708,0.04755844296887517,0.0
380.0,ue_003,-29.646701822639443,40.90835948847234,1.5,-1.1228874343202204,0.9130814951773154,0.0
380.0,ue_004,-98.63529306769264,22.004623003330874,1.5,-1.1088560422093394,-0.460933004980447,0.0
380.0,ue_005,16.056460342735452,-52.68713040709722,1.5,-0.4547861775716367,0.049229005586428086,0.0
380.0,ue_006,20.60432211845182,-17.234992182813585,1.5,0.0,0.0,0.0
380.0,ue_007,92.60432211845182,90.7486471406385,1.5,-0.8,0.3983639323452081,0.0
380.0,ue_008,-27.39567788154818,-72.24158703574963,1.5,0.1610051262381063,-0.2481680303329199,0.0
380.0,ue_009,50.0954820063713,-38.19021664585071,1.5,1.0660161916903186,0.40452505429274555,0.0
390.0,ue_000,4.604322118451819,78.76500781718642,1.5,-0.8570024616004799,0.8,0.0
390.0,ue_001,-99.39567788154818,-73.23499218281358,1.5,0.8,-0.8,0.0
390.0,ue_002,-11.395677881548181,70.76500781718642,1.5,0.0,0.0,0.0
390.0,ue_003,-29.646701822639443,40.90835948847234,1.5,0.0,0.0,0.0
390.0,ue_004,-91.39567788154818,19.04456340602524,1.5,0.7239615186144462,-0.2960059597305634,0.0
390.0,ue_005,16.26714608433,-45.5721682169354,1.5,0.02106857415945491,0.7114962190161819,0.0
390.0,ue_006,28.60432211845182,-25.234992182813585,1.5,0.8,-0.8,0.0
390.0,ue_007,87.09875842941055,94.76500781718642,1.5,-0.5505563689041267,0.4016360676547919,0.0
390.0,ue_008,-33.752469477401945,-79.59178377866735,1.5,-0.6356791595853764,-0.7350196742917717,0.0
390.0,ue_009,55.41343364444755,-42.48352941897127,1.5,0.5317951638076253,-0.42933127731205617,0.0
400.0,ue_000,4.604322118451819,78.76500781718642,1.5,0.0,0.0,0.0
400.0,ue_001,-99.39567788154818,-73.23499218281358,1.5,0.0,0.0,0.0
400.0,ue_002,-11.395677881548181,62.765007817186415,1.5,0.0,-0.8,0.0
400.0,ue_003,-24.84312343795318,38.42999663203955,1.5,0.4803578384686261,-0.24783628564327956,0.0
400.0,ue_004,-99.20605130942833,30.575381245066573,1.5,-0.7810373427880151,1.1530817839041334,0.0
400.0,ue_005,20.60432211845182,-41.234992182813585,1.5,0.4337176034121818,0.4337176034121818,0.0
400.0,ue_006,28.60432211845182,-25.234992182813585,1.5,0.0,0.0,0.0
400.0,ue_007,84.60432211845182,94.76500781718642,1.5,-0.24944363109587328,0.0,0.0
400.0,ue_008,-30.068950779944572,-73.18383241428964,1.5,0.3683518697457373,0.6407951364377709,0.0
400.0,ue_009,68.30895838762142,-41.262948799752536,1.5,1.2895524743173865,0.12205806192187367,0.0
410.0,ue_000,-3.395677881548181,78.76500781718642,1.5,-0.8,0.0,0.0
410.0,ue_001,-91.39567788154818,-73.23499218281358,1.5,0.8,0.0,0.0
410.0,ue_002,-11.395677881548181,62.765007817186415,1.5,0.0,0.0,0.0
410.0,ue_003,-24.84312343795318,38.42999663203955,1.5,0.0,0.0,0.0
410.0,ue_004,-107.39567788154818,22.765007817186415,1.5,-0.8189626572119849,-0.7810373427880158,0.0
410.0,ue_005,20.60432211845182,-41.234992182813585,1.5,0.0,0.0,0.0
410.0,ue_006,22.9630832078401,-20.731673368252814,1.5,-0.5641238910611719,0.4503318814560771,0.0
410.0,ue_007,84.60432211845182,94.76500781718642,1.5,0.0,0.0,0.0
410.0,ue_008,-25.59989114913422,-63.83618852136268,1.5,0.4469059630810353,0.934764389292696,0.0
410.0,ue_009,78.70428897046826,-49.234992182813585,1.5,1.0395330582846838,-0.7972043383061049,0.0
420.0,ue_000,-3.395677881548181,78.76500781718642,1.5,0.0,0.0,0.0
420.0,ue_001,-91.39567788154818,-73.23499218281358,1.5,0.0,0.0,0.0
420.0,ue_002,0.2629905309295282,70.28942338749766,1.5,1.1658668412477708,0.7524415570311248,0.0
420.0,ue_003,-3.395677881548181,65.61338270393017,1.5,2.1447445556405,2.7183386071890623,0.0
420.0,ue_004,-107.39567788154818,22.765007817186415,1.5,0.0,0.0,0.0
420.0,ue_005,27.99270981546753,-48.623379879829294,1.5,0.7388387697015713,-0.7388387697015709,0.0
420.0,ue_006,22.9630832078401,-20.731673368252814,1.5,0.0,0.0,0.0
420.0,ue_007,91.41025992319852,87.95907001243971,1.5,0.6805937804746705,-0.6805937804746705,0.0
420.0,ue_008,-20.982345215243853,-54.177965401745595,1.5,0.46175459338903657,0.9658223119617084,0.0
420.0,ue_009,82.6236048010983,-41.234992182813585,1.5,0.391931583063004,0.8,0.0
430.0,ue_000,-3.395677881548181,78.76500781718642,1.5,0.0,0.0,0.0
430.0,ue_001,-83.39567788154818,-73.23499218281358,1.5,0.8,0.0,0.0
430.0,ue_002,0.2629905309295282,70.28942338749766,1.5,0.0,0.0,0.0
430.0,ue_003,-3.395677881548181,70.76500781718642,1.5,0.0,0.5151625113256244,0.0
430.0,ue_004,-101.92700167239076,14.765007817186415,1.5,0.5468676209157423,-0.8,0.0
430.0,ue_005,37.23237937180332,-44.814535465563964,1.5,0.9239669556335788,0.380884441426533,0.0
430.0,ue_006,6.620000899163436,-0.09016634362190312,1.5,-1.6343082308676664,2.064150702463091,0.0
430.0,ue_007,100.33238502846673,79.0369449071715,1.5,0.8922125105268208,-0.8922125105268208,0.0
430.0,ue_008,-16.29036287272993,-44.364048445401764,1.5,0.4691982342513924,0.9813916956343831,0.0
430.0,ue_009,70.05960905522298,-47.779705246042425,1.5,-1.2563995745875318,-0.6544713063228841,0.0
440.0,ue_000,-5.3162799232378175,84.84440577549678,1.5,-0.19206020416896363,0.6079397958310366,0.0
440.0,ue_001,-83.39567788154818,-73.23499218281358,1.5,0.0,0.0,0.0
440.0,ue_002,0.2629905309295282,70.28942338749766,1.5,0.0,0.0,0.0
440.0,ue_003,-3.395677881548181,70.76500781718642,1.5,0.0,0.0,0.0
440.0,ue_004,-106.42236939917272,21.791699334810957,1.5,-0.4495367726781964,0.7026691517624541,0.0
440.0,ue_005,35.780298150413486,-40.418271632737884,1.5,-0.14520812213898324,0.43962638328260795,0.0
440.0,ue_006,16.072257179785353,-15.68122709008431,1.5,0.9452256280621917,-1.5591060746462406,0.0
440.0,ue_007,98.48856990934044,86.76500781718642,1.5,-0.18438151191262903,0.7728062910014912,0.0
440.0,ue_008,-14.6397865092149,-40.91164428461343,1.5,0.1650576363515029,0.3452404160788333,0.0
440.0,ue_009,63.363725915770736,-38.3132308702033,1.5,-0.6695883139452242,0.9466474375839127,0.0
450.0,ue_000,-19.39567788154818,93.03012644908608,1.5,-1.4079397958310362,0.8185720673589302,0.0
450.0,ue_001,-93.32557789444319,-83.16489219570859,1.5,-0.9929900012895004,-0.9929900012895004,0.0
450.0,ue_002,4.604322118451819,78.76500781718642,1.5,0.4341331587522291,0.8475584429688752,0.0
450.0,ue_003,-3.395677881548181,70.76500781718642,1.5,0.0,0.0,0.0
450.0,ue_004,-99.39567788154818,31.216424677644422,1.5,0.7026691517624541,0.9424725342833465,0.0
450.0,ue_005,29.87133051054295,-46.857938597871374,1.5,-0.5908967639870536,-0.643966696513349,0.0
450.0,ue_006,41.092261148437906,2.277068787200327,1.5,2.502000396865255,1.7958295877284638,0.0
450.0,ue_007,92.60432211845182,90.35554073883058,1.5,-0.5884247790888623,0.35905329216441684,0.0
450.0,ue_008,-14.6397865092149,-40.91164428461343,1.5,0.0,0.0,0.0
450.0,ue_009,52.072831814332666,-43.12040326943983,1.5,-1.129089410143807,-0.4807172399236528,0.0
460.0,ue_000,-19.39567788154818,86.76500781718642,1.5,0.0,-0.6265118631899668,0.0
460.0,ue_001,-103.30287522175128,-85.32779484261049,1.5,-0.9977297327308093,-0.2162902646901898,0.0
460.0,ue_002,4.604322118451819,78.76500781718642,1.5,0.0,0.0,0.0
460.0,ue_003,-11.395677881548181,94.76500781718642,1.5,-0.8,2.4,0.0
460.0,ue_004,-93.59584427889389,32.96517421453213,1.5,0.5799833602654288,0.17487495368877043,0.0
460.0,ue_005,28.60432211845182,-57.234992182813585,1.5,-0.12670083920911318,-1.037705358494221,0.0
460.0,ue_006,52.60432211845182,6.765007817186415,1.5,1.1512060970013913,0.44879390299860883,0.0
460.0,ue_007,97.31710376140062,90.05222617423762,1.5,0.4712781642948798,-0.030331456459296646,0.0
460.0,ue_008,-19.39567788154818,-49.67439157630248,1.5,-0.4755891372333281,-0.8762747291689053,0.0
460.0,ue_009,38.52741203896929,-43.14320755460162,1.5,-1.3545419775363379,-0.0022804285161790007,0.0
470.0,ue_000,-19.39567788154818,86.76500781718642,1.5,0.0,0.0,0.0
470.0,ue_001,-99.59773209583975,-73.43704639710515,1.5,0.3705143125911533,1.1890748445505337,0.0
470.0,ue_002,4.604322118451819,78.76500781718642,1.5,0.0,0.0,0.0
470.0,ue_003,-11.395677881548181,94.76500781718642,1.5,0.0,0.0,0.0
470.0,ue_004,-80.81276608409253,28.18209601973077,1.5,1.2783078194801363,-0.4783078194801355,0.0
470.0,ue_005,28.60432211845182,-57.234992182813585,1.5,0.0,0.0,0.0
470.0,ue_006,52.60432211845182,6.765007817186415,1.5,0.0,0.0,0.0
470.0,ue_007,97.0065755213123,90.36275441432593,1.5,-0.031052824008831692,0.031052824008831692,0.0
470.0,ue_008,-20.90234824324538,-55.72832182111639,1.5,-0.15066703616972,-0.6053930244813905,0.0
470.0,ue_009,36.60432211845182,-56.343902306992135,1.5,-0.19230899205174695,-1.3200694752390518,0.0
480.0,ue_000,-4.667020857536269,88.0363507931745,1.5,1.4728657024011913,0.1271342975988091,0.0
480.0,ue_001,-107.39567788154818,-78.07292645252245,1.5,-0.7797945785708436,-0.4635880055417303,0.0
480.0,ue_002,-3.395677881548181,86.76500781718642,1.5,-0.8,0.8,0.0
480.0,ue_003,0.2629905309295282,70.28942338749766,1.5,1.1658668412477708,-2.4475584429688753,0.0
480.0,ue_004,-81.03556253368585,17.12512316504875,1.5,-0.02227964495933179,-1.1056972854682023,0.0
480.0,ue_005,38.82121285608829,-55.018101445177116,1.5,1.0216890737636468,0.22168907376364685,0.0
480.0,ue_006,52.60432211845182,6.765007817186415,1.5,0.0,0.0,0.0
480.0,ue_007,92.60432211845182,91.09223685910803,1.5,-0.4402253402860481,0.07294824447820929,0.0
480.0,ue_008,-27.39567788154818,-46.81576711104495,1.5,-0.64933296383028,0.891255471007144,0.0
480.0,ue_009,36.60432211845182,-57.234992182813585,1.5,0.0,-0.089108987582145,0.0
490.0,ue_000,-17.262795119824606,80.89789057891,1.5,-1.2595774262288337,-0.7138460214264513,0.0
490.0,ue_001,-107.39567788154818,-73.23499218281358,1.5,0.0,0.48379342697088673,0.0
490.0,ue_002,-3.395677881548181,86.76500781718642,1.5,0.0,0.0,0.0
490.0,ue_003,0.2629905309295282,70.28942338749766,1.5,0.0,0.0,0.0
490.0,ue_004,-90.35120283561805,15.809482863116536,1.5,-0.9315640301932205,-0.13156403019322127,0.0
490.0,ue_005,45.90281497310396,-49.234992182813585,1.5,0.7081602117015671,0.5783109262363532,0.0
490.0,ue_006,52.60432211845182,-10.814683525072459,1.5,0.0,-1.7579691342258876,0.0
490.0,ue_007,97.03636151873245,82.33296841690579,1.5,0.44320394002806296,-0.8759268442202242,0.0
490.0,ue_008,-22.85198470637016,-45.778685357991606,1.5,0.4543693175178021,0.1037081753053343,0.0
490.0,ue_009,36.60432211845182,-57.234992182813585,1.5,0.0,0.0,0.0
500.0,ue_000,-11.395677881548181,86.76500781718642,1.5,0.5867117238276425,0.5867117238276421,0.0
500.0,ue_001,-107.39567788154818,-73.23499218281358,1.5,0.0,0.0,0.0
500.0,ue_002,-27.39567788154818,94.76500781718642,1.5,-2.4,0.8,0.0
500.0,ue_003,0.2629905309295282,70.28942338749766,1.5,0.0,0.0,0.0
500.0,ue_004,-83.39567788154818,25.563575091807706,1.5,0.6955524954069873,0.9754092228691171,0.0
500.0,ue_005,52.60432211845182,-49.234992182813585,1.5,0.6701507145347861,0.0,0.0
500.0,ue_006,60.60432211845182,-11.344815957756738,1.5,0.8,-0.053013243268427955,0.0
500.0,ue_007,104.34013432271392,75.02919561292431,1.5,0.7303772803981474,-0.7303772803981474,0.0
500.0,ue_008,-19.39567788154818,-49.234992182813585,1.5,0.3456306824821979,-0.3456306824821979,0.0
500.0,ue_009,31.510089199241346,-60.14075926360311,1.5,-0.5094232919210473,-0.29057670807895236,0.0
510.0,ue_000,-11.395677881548181,86.76500781718642,1.5,0.0,0.0,0.0
510.0,ue_001,-93.13400432560093,-67.36727581382974,1.5,1.4261673555947254,0.586771636898385,0.0
510.0,ue_002,-27.39567788154818,94.76500781718642,1.5,0.0,0.0,0.0
510.0,ue_003,-19.39567788154818,70.76500781718642,1.5,-1.965866841247771,0.04755844296887517,0.0
510.0,ue_004,-83.39567788154818,38.38412170473236,1.5,0.0,1.2820546612924653,0.0
510.0,ue_005,52.60432211845182,-49.234992182813585,1.5,0.0,0.0,0.0
510.0,ue_006,60.60432211845182,-9.234992182813585,1.5,0.0,0.21098237749431537,0.0
510.0,ue_007,107.51976694496986,65.45386742649106,1.5,0.31796326222559373,-0.9575328186433254,0.0
510.0,ue_008,-19.39567788154818,-49.234992182813585,1.5,0.0,0.0,0.0
510.0,ue_009,36.60432211845182,-65.23499218281358,1.5,0.5094232919210473,-0.5094232919210476,0.0
520.0,ue_000,-30.167430427940122,73.53676036357835,1.5,-1.877175254639194,-1.3228247453608062,0.0
520.0,ue_001,-83.7149979993754,-57.574464565298854,1.5,0.9419006326225527,0.9792811248530882,0.0
520.0,ue_002,-35.39567788154818,86.76500781718642,1.5,-0.8,-0.8,0.0
520.0,ue_003,-19.39567788154818,70.76500781718642,1.5,0.0,0.0,0.0
520.0,ue_004,-74.82224759103545,45.25117019650047,1.5,0.8573430290512732,0.686704849176811,0.0
520.0,ue_005,62.29435893690499,-47.54495536436041,1.5,0.9690036818453173,0.16900368184531728,0.0
520.0,ue_006,60.60432211845182,-9.234992182813585,1.5,0.0,0.0,0.0
520.0,ue_007,111.37993518065196,67.50040220748633,1.5,0.3860168235682096,0.20465347809952733,0.0
520.0,ue_008,-11.666385242919413,-41.208010146644945,1.5,0.7729292638628769,0.802698203616864,0.0
520.0,ue_009,36.60432211845182,-65.23499218281358,1.5,0.0,0.0,0.0
530.0,ue_000,-28.60690800493632,53.55377769379828,1.5,0.15605224230038034,-1.9982982669780072,0.0
530.0,ue_001,-91.39567788154818,-57.234992182813585,1.5,-0.7680679882172783,0.0339472382485269,0.0
530.0,ue_002,-35.39567788154818,86.76500781718642,1.5,0.0,0.0,0.0
530.0,ue_003,-31.95461028315194,59.32394021879017,1.5,-1.255893240160376,-1.1441067598396244,0.0
530.0,ue_004,-70.76979859150015,52.33516748342663,1.5,0.4052448999535301,0.7083997286926162,0.0
530.0,ue_005,68.84349662481945,-39.20617344136282,1.5,0.6549137687914459,0.833878192299759,0.0
530.0,ue_006,49.99458402566162,-19.844730275603787,1.5,-1.0609738092790202,-1.0609738092790202,0.0
530.0,ue_007,111.37993518065196,67.50040220748633,1.5,0.0,0.0,0.0
530.0,ue_008,-14.6397865092149,-40.91164428461343,1.5,-0.2973401266295488,0.02963658620315144,0.0
530.0,ue_009,36.60432211845182,-65.23499218281358,1.5,0.0,0.0,0.0
540.0,ue_000,-43.39567788154818,46.765007817186415,1.5,-1.4788769876611862,-0.6788769876611866,0.0
540.0,ue_001,-91.39567788154818,-57.234992182813585,1.5,0.0,0.0,0.0
540.0,ue_002,-43.39567788154818,78.76500781718642,1.5,-0.8,-0.8,0.0
540.0,ue_003,-29.646701822639443,40.90835948847234,1.5,0.2307908460512497,-1.8415580730317829,0.0
540.0,ue_004,-70.76979859150015,52.33516748342663,1.5,0.0,0.0,0.0
540.0,ue_005,66.99791187175916,-34.844399318649785,1.5,-0.18455847530602937,0.4361774122713037,0.0
540.0,ue_006,44.60432211845182,-17.234992182813585,1.5,-0.5390261907209798,0.26097380927902025,0.0
540.0,ue_007,111.37993518065196,67.50040220748633,1.5,0.0,0.0,0.0
540.0,ue_008,-14.6397865092149,-40.91164428461343,1.5,0.0,0.0,0.0
540.0,ue_009,28.60432211845182,-72.26842285676521,1.5,-0.8,-0.7033430673951628,0.0
550.0,ue_000,-43.39567788154818,46.765007817186415,1.5,0.0,0.0,0.0
550.0,ue_001,-91.38334550336003,-65.72676080837846,1.5,0.001233237818814814,-0.8491768625564873,0.0
550.0,ue_002,-43.39567788154818,78.76500781718642,1.5,0.0,0.0,0.0
550.0,ue_003,-29.646701822639443,40.90835948847234,1.5,0.0,0.0,0.0
550.0,ue_004,-62.912505730986595,47.13913209736347,1.5,0.7857292860513553,-0.5196035386063158,0.0
550.0,ue_005,62.57426846643807,-41.234992182813585,1.5,-0.4423643405321087,-0.63905928641638,0.0
550.0,ue_006,44.60432211845182,-17.234992182813585,1.5,0.0,0.0,0.0
550.0,ue_007,108.60432211845182,70.76500781718642,1.5,-0.2775613062200136,0.32646056097000836,0.0
550.0,ue_008,-19.39567788154818,-49.234992182813585,1.5,-0.4755891372333281,-0.8323347898200154,0.0
550.0,ue_009,28.60432211845182,-58.741010685678226,1.5,0.0,1.3527412171086985,0.0
560.0,ue_000,-35.39567788154818,46.765007817186415,1.5,0.8,0.0,0.0
560.0,ue_001,-91.38334550336003,-65.72676080837846,1.5,0.0,0.0,0.0
560.0,ue_002,-43.39567788154818,78.76500781718642,1.5,0.0,0.0,0.0
560.0,ue_003,-13.648751260186401,45.14422777320487,1.5,1.5997950562453043,0.4235868284732526,0.0
560.0,ue_004,-62.912505730986595,47.13913209736347,1.5,0.0,0.0,0.0
560.0,ue_005,70.97255490285347,-43.60322496721524,1.5,0.8398286436415404,-0.23682327844016554,0.0
560.0,ue_006,26.873515099752694,-33.80610361881554,1.5,-1.7730807018699124,-1.6571111436001957,0.0
560.0,ue_007,108.60432211845182,70.76500781718642,1.5,0.0,0.0,0.0
560.0,ue_008,-19.39567788154818,-49.234992182813585,1.5,0.0,0.0,0.0
560.0,ue_009,28.60432211845182,-57.234992182813585,1.5,0.0,0.15060185028646417,0.0
570.0,ue_000,-35.39567788154818,46.765007817186415,1.5,0.0,0.0,0.0
570.0,ue_001,-91.38334550336003,-65.72676080837846,1.5,0.0,0.0,0.0
570.0,ue_002,-43.78179637714244,63.151126312780676,1.5,-0.03861184955942605,-1.561388150440574,0.0
570.0,ue_003,-9.757757092243992,41.010631926357746,1.5,0.3890994167942409,-0.4133595846847122,0.0
570.0,ue_004,-67.1907094368944,48.18792381044477,1.5,-0.42782037059077993,0.10487917130813003,0.0
570.0,ue_005,76.60432211845182,-47.50374204702391,1.5,0.5631767215598344,-0.39005170798086725,0.0
570.0,ue_006,26.873515099752694,-33.80610361881554,1.5,0.0,0.0,0.0
570.0,ue_007,110.09777885083894,74.42206616566789,1.5,0.14934567323871165,0.36570583484814706,0.0
570.0,ue_008,-19.39567788154818,-57.234992182813585,1.5,0.0,-0.8,0.0
570.0,ue_009,28.60432211845182,-57.234992182813585,1.5,0.0,0.0,0.0
580.0,ue_000,-10.20293001991467,29.572259955552905,1.5,2.5192747861633515,-1.719274786163351,0.0
580.0,ue_001,-96.5962534174597,-57.234992182813585,1.5,-0.5212907914099674,0.8491768625564873,0.0
580.0,ue_002,-43.39567788154818,78.76500781718642,1.5,0.03861184955942605,1.561388150440574,0.0
580.0,ue_003,-9.757757092243992,41.010631926357746,1.5,0.0,0.0,0.0
580.0,ue_004,-67.1907094368944,48.18792381044477,1.5,0.0,0.0,0.0
580.0,ue_005,76.60432211845182,-41.234992182813585,1.5,0.0,0.6268749864210328,0.0
580.0,ue_006,26.873515099752694,-33.80610361881554,1.5,0.0,0.0,0.0
580.0,ue_007,109.22736635920592,65.4222002653405,1.5,-0.08704124916330187,-0.8999865900327378,0.0
580.0,ue_008,-19.39567788154818,-57.234992182813585,1.5,0.0,0.0,0.0
580.0,ue_009,15.420520851369853,-52.05119091573162,1.5,-1.3183801267081967,0.5183801267081968,0.0
590.0,ue_000,-11.81032640981105,25.629728756969314,1.5,-0.16073963898963814,-0.3942531198583591,0.0
590.0,ue_001,-94.30824614596577,-46.322423918396,1.5,0.22880072714939387,1.0912568264417586,0.0
590.0,ue_002,-43.39567788154818,78.76500781718642,1.5,0.0,0.0,0.0
590.0,ue_003,-9.757757092243992,41.010631926357746,1.5,0.0,0.0,0.0
590.0,ue_004,-61.936596403624925,41.65082803601328,1.5,0.525411303326947,-0.6537095774431492,0.0
590.0,ue_005,76.60432211845182,-41.234992182813585,1.5,0.0,0.0,0.0
590.0,ue_006,39.19664357292602,-42.14845811099981,1.5,1.2323128473173326,-0.8342354492184271,0.0
590.0,ue_007,109.22736635920592,65.4222002653405,1.5,0.0,0.0,0.0
590.0,ue_008,-26.48159517029674,-64.32090947156215,1.5,-0.7085917288748558,-0.7085917288748561,0.0
590.0,ue_009,6.201707766667145,-50.88508987299683,1.5,-0.9218813084702708,0.11661010427347876,0.0
600.0,ue_000,-20.358000229578465,44.28958357684314,1.5,-0.8547673819767414,1.865985481987383,0.0
600.0,ue_001,-99.70815315258817,-32.99506064539855,1.5,-0.53999070066224,1.3327363272997446,0.0
600.0,ue_002,-35.39567788154818,70.76500781718642,1.5,0.8,-0.8,0.0
600.0,ue_003,-18.794438364076747,43.80593016502036,1.5,-0.9036681271832755,0.279529823866261,0.0
600.0,ue_004,-59.45009023844102,38.89457225949221,1.5,0.24865061651839043,-0.27562557765210727,0.0
600.0,ue_005,76.60432211845182,-41.234992182813585,1.5,0.0,0.0,0.0
600.0,ue_006,69.67290286940988,-32.17066217865795,1.5,3.047625929648386,0.9977795932341863,0.0
600.0,ue_007,111.72685200123608,69.68475474257649,1.5,0.2499485642030166,0.426255447723598,0.0
600.0,ue_008,-30.302021715400237,-73.40302869645149,1.5,-0.3820426545103498,-0.908211922488934,0.0
600.0,ue_009,16.806525078863075,-57.050962872841794,1.5,1.060481731219593,-0.6165872999844965,0.0
