snapshot_index,time_s,ue_id,central_massive_mimo_sinr_db,distributed_fixed_sinr_db,distributed_movable_sinr_db
0,0.0,ue_000,25.515060780699223,31.23915932833313,26.652965653497056
0,0.0,ue_001,-120.0,22.04046786499528,-120.0
0,0.0,ue_002,0.5645219188982267,50.81576922601212,-0.23300724912022205
0,0.0,ue_003,-120.0,44.37693543228222,1.2621978682110564
0,0.0,ue_004,-120.0,13.332720318540968,25.383889545313902
0,0.0,ue_005,-120.0,41.213020941285336,78.70803472755938
0,0.0,ue_006,-120.0,-120.0,-120.0
0,0.0,ue_007,6.251251142294728,40.85386459412006,36.245148524915564
0,0.0,ue_008,30.743558473287074,42.39199198274636,40.424534789787444
0,0.0,ue_009,-1.6755566096523427,1.8162053392259871,11.375598573996237
1,10.0,ue_000,27.367993021906834,28.432516099377274,28.6687732494771
1,10.0,ue_001,-120.0,21.582892959388523,-120.0
1,10.0,ue_002,-120.0,16.49081198665353,-120.0
1,10.0,ue_003,-120.0,38.84431575680087,4.688805727025274
1,10.0,ue_004,-120.0,15.24922473359187,26.00261731974213
1,10.0,ue_005,-120.0,35.50506397659441,75.15824392704842
1,10.0,ue_006,-120.0,22.01228393644065,27.199292439816922
1,10.0,ue_007,15.529433069535889,27.266463715165933,31.299278460406647
1,10.0,ue_008,32.63269520827572,42.994705542186495,41.40255637308541
1,10.0,ue_009,-0.0745829496952692,12.41999204196771,25.83404015825954
2,20.0,ue_000,-10.433240143693222,29.200284836815356,29.225310016713458
2,20.0,ue_001,-120.0,17.97555117088927,21.473114751839283
2,20.0,ue_002,-120.0,16.448374377655256,-120.0
2,20.0,ue_003,-120.0,26.142957547360805,22.168636036718095
2,20.0,ue_004,-120.0,15.30904949800631,9.363320796020346
2,20.0,ue_005,-120.0,35.44810429448152,75.9564036007335
2,20.0,ue_006,-120.0,27.294743389376656,17.137627743586034
2,20.0,ue_007,16.973007001947778,25.218085241805788,21.322190264559925
2,20.0,ue_008,32.68319388793805,42.97741316674171,40.84001542583566
2,20.0,ue_009,-6.3483650679481505,13.22303059708156,25.12351564384356
3,30.0,ue_000,0.8510340686316377,31.027872314602156,31.00684068556744
3,30.0,ue_001,-120.0,20.86795849443776,-120.0
3,30.0,ue_002,-120.0,32.92178225524171,-120.0
3,30.0,ue_003,-120.0,40.89982519236153,41.56430538908292
3,30.0,ue_004,-120.0,-2.048940987508861,28.089904670803975
3,30.0,ue_005,-120.0,46.603265846981074,66.0463204140091
3,30.0,ue_006,-120.0,-120.0,9.336357059790165
3,30.0,ue_007,-120.0,39.75589853525634,4.784946164800209
3,30.0,ue_008,37.406743880276785,46.38904812493159,40.01641486103715
3,30.0,ue_009,-120.0,-3.524670860050712,21.12932673480141
4,40.0,ue_000,32.52371128470695,26.883002551727458,27.843082977997597
4,40.0,ue_001,-120.0,21.034233831934266,-120.0
4,40.0,ue_002,-120.0,32.92976602085404,-120.0
4,40.0,ue_003,-120.0,-5.207277773622282,15.918906037823035
4,40.0,ue_004,-120.0,-2.9770271973000773,28.261681673338927
4,40.0,ue_005,-120.0,34.5630995818228,58.361337114196104
4,40.0,ue_006,-120.0,-120.0,9.162016766587811
4,40.0,ue_007,-120.0,42.17557198384738,3.480774120014172
4,40.0,ue_008,39.928931618730736,44.70539410828931,40.762061362193755
4,40.0,ue_009,-120.0,-9.69600814786623,20.051819061332946
5,50.0,ue_000,18.83297520552349,24.82935355803538,26.125462661843653
5,50.0,ue_001,-120.0,21.54575905640808,-120.0
5,50.0,ue_002,-120.0,-120.0,-120.0
5,50.0,ue_003,18.781372962124824,18.257936872282375,18.778052376664803
5,50.0,ue_004,-120.0,-3.9886139031997554,28.263787062948907
5,50.0,ue_005,49.26662051340956,29.579148301464976,43.04400344990312
5,50.0,ue_006,-120.0,-120.0,12.002788981855787
5,50.0,ue_007,-120.0,44.951572190211515,7.197352754369907
5,50.0,ue_008,-120.0,43.96035640080419,43.60061592785282
5,50.0,ue_009,12.073275256053842,-2.784679075789311,16.930076113361324
6,60.0,ue_000,-120.0,32.56729849576918,38.10636791024646
6,60.0,ue_001,-120.0,17.988301953685248,-120.0
6,60.0,ue_002,-120.0,-120.0,46.87716948973009
6,60.0,ue_003,28.539763685732765,22.84674645677928,29.013744584912516
6,60.0,ue_004,-120.0,-120.0,31.64281542745748
6,60.0,ue_005,47.25244034330993,34.643218534417095,47.786172159545444
6,60.0,ue_006,-120.0,27.020562321099533,34.73777792948274
6,60.0,ue_007,26.387179949126065,44.11558935149991,10.186186563558437
6,60.0,ue_008,28.173668978891357,46.87130538308302,58.63355967862319
6,60.0,ue_009,-120.0,12.250060723540406,31.047126152876974
7,70.0,ue_000,12.63478755872001,12.768977465306701,32.07671970345332
7,70.0,ue_001,-120.0,-120.0,-120.0
7,70.0,ue_002,-120.0,-120.0,46.886608226076234
7,70.0,ue_003,27.390978356161245,12.529349710207626,29.864181387089992
7,70.0,ue_004,-120.0,19.813519615844292,21.57063188757204
7,70.0,ue_005,-120.0,34.385928898170455,44.319943249368656
7,70.0,ue_006,-120.0,-120.0,26.395347992427645
7,70.0,ue_007,36.14020790833858,46.20943261966585,11.489951928283075
7,70.0,ue_008,-120.0,45.84778030606952,57.016776371245
7,70.0,ue_009,-120.0,11.668869914872463,31.783343974621083
8,80.0,ue_000,11.967711670437275,12.65576483591759,23.156206530329673
8,80.0,ue_001,-120.0,-120.0,-120.0
8,80.0,ue_002,-120.0,-120.0,46.538061454895676
8,80.0,ue_003,16.729871033108033,13.176848522886328,25.270470320835088
8,80.0,ue_004,-120.0,19.292324304135608,31.35585563754345
8,80.0,ue_005,-120.0,31.1225898679266,43.66653822385217
8,80.0,ue_006,-2.1255570522742264,37.673116114719875,39.83397694473321
8,80.0,ue_007,34.890739476444665,45.62881292291496,10.943072093940584
8,80.0,ue_008,-120.0,44.843349449897126,55.4152932946809
8,80.0,ue_009,-120.0,12.367393945259932,27.54934719597877
9,90.0,ue_000,11.658466500938562,12.430390480724123,23.577079494508112
9,90.0,ue_001,-120.0,-120.0,-120.0
9,90.0,ue_002,-12.015532468105949,63.535468133294685,71.78832333002408
9,90.0,ue_003,13.258617456988217,12.859329835887133,25.482413028418563
9,90.0,ue_004,-120.0,4.302283401881638,30.727361496184326
9,90.0,ue_005,3.206749099470035,28.725419681009292,38.974672569019354
9,90.0,ue_006,-120.0,37.278774259431906,38.522501204192146
9,90.0,ue_007,35.81332417614925,45.914966090357645,11.867148454726255
9,90.0,ue_008,-120.0,40.22222729305949,55.62616001548265
9,90.0,ue_009,-120.0,5.373329752376238,29.808054886633496
10,100.0,ue_000,29.52818683365311,9.783147009581885,24.639950945098974
10,100.0,ue_001,-120.0,-120.0,-120.0
10,100.0,ue_002,32.86310282353677,44.64643379836695,44.463441850208625
10,100.0,ue_003,-120.0,14.523702696156395,35.182717981314454
10,100.0,ue_004,-120.0,18.798241001810286,30.230692749988588
10,100.0,ue_005,48.14165005100848,27.520700882666198,33.566315216164156
10,100.0,ue_006,-120.0,17.725836130030224,30.88808186794185
10,100.0,ue_007,29.911835086339963,42.78920613990192,7.202997872956881
10,100.0,ue_008,-120.0,34.67680185247751,49.839590694084634
10,100.0,ue_009,-120.0,22.06532066070153,33.48233049179121
11,110.0,ue_000,-5.590601185766946,-0.00703450493300832,27.948899606567647
11,110.0,ue_001,-120.0,-120.0,-120.0
11,110.0,ue_002,32.078047797403684,33.34045790375996,39.4777068218593
11,110.0,ue_003,-120.0,8.255546458904954,17.264769697204564
11,110.0,ue_004,-120.0,3.4634144687647996,29.296011646024912
11,110.0,ue_005,52.382441414470904,13.877253782268312,34.142787378940355
11,110.0,ue_006,-120.0,0.28503920668640725,17.577153116015367
11,110.0,ue_007,31.906712518624687,42.79741179043622,7.207327316628701
11,110.0,ue_008,-120.0,30.25627380754036,51.61243560347973
11,110.0,ue_009,15.063789710334735,14.841655665430293,35.5593097963879
12,120.0,ue_000,-7.069025613991101,6.346021016555463,42.8032437920877
12,120.0,ue_001,-120.0,-120.0,57.63116806554963
12,120.0,ue_002,31.46374317864776,35.66531228013902,40.603967953846876
12,120.0,ue_003,-120.0,11.976885229657201,35.25535689188472
12,120.0,ue_004,-120.0,2.36751598954734,36.749467508316165
12,120.0,ue_005,-13.126207671643384,10.803122519879825,11.892993951693654
12,120.0,ue_006,23.210620575999528,10.882541769503145,41.24862394535687
12,120.0,ue_007,32.55390168259407,42.7980422664266,15.939876219855993
12,120.0,ue_008,-120.0,31.281502678153817,36.981059958113164
12,120.0,ue_009,-12.698099537917258,10.96743849753608,11.887888756227738
13,130.0,ue_000,-120.0,2.193776349293196,56.756363422082856
13,130.0,ue_001,-120.0,-120.0,57.63829804870218
13,130.0,ue_002,33.30543827905987,30.68633705648281,28.844051779280502
13,130.0,ue_003,-120.0,2.1492539037369247,38.85098155029752
13,130.0,ue_004,-120.0,-1.1866729664069346,36.733911696865334
13,130.0,ue_005,48.122981235055924,28.223609168069768,27.04322951537599
13,130.0,ue_006,26.17540829559929,22.595828478037458,49.36998410067637
13,130.0,ue_007,28.715636549407677,35.12097303330751,7.826821656686807
13,130.0,ue_008,-120.0,33.8614331548809,35.17890547182445
13,130.0,ue_009,15.204723130320465,28.283406669781193,27.03893036062174
14,140.0,ue_000,-120.0,0.8948048413158961,54.91512067403576
14,140.0,ue_001,-120.0,-120.0,54.668051950715935
14,140.0,ue_002,35.700228075958414,41.82573009448187,38.43085191223154
14,140.0,ue_003,-120.0,-2.4372134150985243,39.40368945259504
14,140.0,ue_004,-120.0,19.1629761922302,43.869110760417286
14,140.0,ue_005,13.095740875386277,29.581787605791497,23.314339879636865
14,140.0,ue_006,25.89067352784157,-5.046921484418046,47.59608594455881
14,140.0,ue_007,26.68481205607978,-14.426623263765812,-120.0
14,140.0,ue_008,-120.0,32.74281631692968,35.95378394050675
14,140.0,ue_009,-120.0,29.227857843207552,37.64809400202903
15,150.0,ue_000,-120.0,8.00318844491057,55.17836457217366
15,150.0,ue_001,-120.0,-120.0,52.65426298335781
15,150.0,ue_002,-0.7742861907995308,25.6351258774996,29.542693088907797
15,150.0,ue_003,-6.938158853436191,5.798763774300016,44.90184877459935
15,150.0,ue_004,-120.0,-120.0,43.78220157240837
15,150.0,ue_005,-2.700665239794043,21.791448634190704,20.78478154710313
15,150.0,ue_006,-6.977727824314911,1.7002921156291937,38.37989747749706
15,150.0,ue_007,23.243842297941914,-14.192699337897995,-120.0
15,150.0,ue_008,-120.0,34.834801266071096,37.03599336866877
15,150.0,ue_009,-120.0,24.774736701690347,29.054671154670114
16,160.0,ue_000,-120.0,16.150621562381954,55.99580647781562
16,160.0,ue_001,-120.0,-120.0,55.029926300780126
16,160.0,ue_002,-120.0,37.573453610572926,27.332969294600634
16,160.0,ue_003,26.113555785209424,17.76938653621454,46.15953583090615
16,160.0,ue_004,-120.0,19.21956905778029,35.577787813197915
16,160.0,ue_005,44.99611668203339,25.639903893709697,24.38805736652007
16,160.0,ue_006,-6.197578254961403,14.697507917958532,50.40801818041297
16,160.0,ue_007,24.83541460261671,-14.11800426270447,-120.0
16,160.0,ue_008,-120.0,37.044366929981855,20.19939369653921
16,160.0,ue_009,13.672918811917631,37.026507456026714,27.1998792521575
17,170.0,ue_000,-120.0,12.03437907950802,58.69951599065879
17,170.0,ue_001,-120.0,-120.0,60.42875194100864
17,170.0,ue_002,-120.0,37.34103832438815,28.833387983486247
17,170.0,ue_003,25.798455716144684,18.38288234781419,46.7338808413634
17,170.0,ue_004,-120.0,19.221149161671946,36.28674353516148
17,170.0,ue_005,39.282597559962774,26.78064511607275,26.604731050075028
17,170.0,ue_006,-6.160544196703876,10.852700053652462,50.684981650149
17,170.0,ue_007,26.472305284492407,32.3850401663421,-120.0
17,170.0,ue_008,-120.0,38.9372299496357,34.75673003035105
17,170.0,ue_009,13.621120478877684,38.84548284177603,28.120398186317715
18,180.0,ue_000,-120.0,11.055411909542261,52.666538538287774
18,180.0,ue_001,-120.0,-120.0,40.65566810168312
18,180.0,ue_002,-120.0,38.08947452806517,17.573409796398206
18,180.0,ue_003,24.43633546355065,11.420443229872921,59.41736858263954
18,180.0,ue_004,-120.0,-120.0,39.70975374275683
18,180.0,ue_005,41.40491184120898,27.852599523337908,12.22252249134569
18,180.0,ue_006,-6.6949314592095295,14.670814378383783,55.081655163602036
18,180.0,ue_007,25.290111248102825,-13.73162189157329,-120.0
18,180.0,ue_008,-120.0,39.38924020591268,14.203198072154631
18,180.0,ue_009,13.999173109354768,39.761594057992895,15.337285739522704
19,190.0,ue_000,-120.0,9.024948016554426,56.89881683697406
19,190.0,ue_001,-120.0,-120.0,43.45352815653164
19,190.0,ue_002,-120.0,-5.469357146937178,15.68750229636921
19,190.0,ue_003,28.290179705700528,23.818161498499965,74.75087726523495
19,190.0,ue_004,-120.0,-120.0,43.352125534242504
19,190.0,ue_005,43.3817574330567,16.426108648263977,35.53662463633861
19,190.0,ue_006,2.6392496971653667,9.642264496534395,45.272507063480646
19,190.0,ue_007,-120.0,-120.0,5.462003989509463
19,190.0,ue_008,-120.0,32.79643413751938,20.396004493982936
19,190.0,ue_009,53.08212988511984,39.722157956767845,14.831886437910972
20,200.0,ue_000,-120.0,12.255090484204004,56.33314124949578
20,200.0,ue_001,-120.0,-120.0,25.778386411192326
20,200.0,ue_002,-120.0,6.469462569850506,20.1633398332351
20,200.0,ue_003,4.916787668380271,22.001203275415012,72.41590384264174
20,200.0,ue_004,-120.0,33.04032527147613,45.557826636055594
20,200.0,ue_005,35.07799358720551,33.67484824278199,20.543761325091836
20,200.0,ue_006,5.381136987593354,12.888947561365605,53.41918960423168
20,200.0,ue_007,-120.0,-120.0,5.852630795431059
20,200.0,ue_008,-120.0,30.978314336649934,21.419156060044607
20,200.0,ue_009,52.41791319370867,26.140580052421328,29.04306170635135
21,210.0,ue_000,-120.0,-2.61120759788865,54.8888899561954
21,210.0,ue_001,-120.0,-120.0,12.289092805547217
21,210.0,ue_002,15.628712878530369,28.82525204733522,16.253492262330315
21,210.0,ue_003,18.149868132582196,23.360991152427818,58.266450973595084
21,210.0,ue_004,-120.0,22.76296580291138,37.427950177535294
21,210.0,ue_005,35.156149188509424,37.674374407131026,30.44301401136377
21,210.0,ue_006,17.879570241415266,-1.9231458629131561,42.05837740668141
21,210.0,ue_007,-120.0,-120.0,5.961825133387243
21,210.0,ue_008,-120.0,14.748719905717298,14.451211850205397
21,210.0,ue_009,-120.0,13.034728638145367,15.027068680010832
22,220.0,ue_000,-120.0,12.024210990716195,51.2755219342986
22,220.0,ue_001,-120.0,18.26795320451555,-120.0
22,220.0,ue_002,16.478129471458903,22.75784463109997,14.721714837065822
22,220.0,ue_003,26.31956335231434,21.227614036312175,54.3887737663846
22,220.0,ue_004,-120.0,17.121759291413493,25.975705513508412
22,220.0,ue_005,31.26786013803514,38.972908374825174,7.722833063031532
22,220.0,ue_006,-120.0,12.623791983399379,42.11729812177562
22,220.0,ue_007,-120.0,-120.0,6.413132705332379
22,220.0,ue_008,18.722340185224382,22.58252738383863,19.37522651429507
22,220.0,ue_009,19.454541693103526,25.23280896199929,19.482104365961234
23,230.0,ue_000,-120.0,-1.6879136847480904,58.12952964690872
23,230.0,ue_001,-120.0,17.886886850283013,-120.0
23,230.0,ue_002,2.896768410818027,25.991851548475196,12.648258046125934
23,230.0,ue_003,-1.559632878970724,-0.8398196642097976,44.80532291059304
23,230.0,ue_004,25.60646151965853,22.90099203459336,44.65101030505048
23,230.0,ue_005,29.089881936504316,33.92587652636515,8.78922020548041
23,230.0,ue_006,-120.0,27.465493528049425,37.10236188605701
23,230.0,ue_007,20.668293219042763,-15.40152506085263,-18.32922100703147
23,230.0,ue_008,38.46551313728084,23.91315265667807,21.09508509659104
23,230.0,ue_009,-0.5980849531136534,24.23534529004939,12.636193496862074
24,240.0,ue_000,23.930529075911792,12.40113578254979,63.573664836744854
24,240.0,ue_001,-120.0,18.344461755889764,37.20728519763556
24,240.0,ue_002,14.338029235402733,25.71063453127575,18.739122168732504
24,240.0,ue_003,-120.0,18.50654361866973,38.192907692299585
24,240.0,ue_004,-120.0,-120.0,42.46200508393943
24,240.0,ue_005,29.596851327186688,37.081676518013985,17.65676101591774
24,240.0,ue_006,-120.0,24.939030379231298,30.1392559260271
24,240.0,ue_007,21.36127544535588,-14.79662953361805,-18.621506137977278
24,240.0,ue_008,34.54822290175881,25.52902630612467,22.969976262241847
24,240.0,ue_009,43.333967882698666,23.832205867878802,27.64209796858193
25,250.0,ue_000,23.28484828706943,15.423346347177706,63.628111263546245
25,250.0,ue_001,-120.0,17.886886850283013,35.71380648777997
25,250.0,ue_002,11.69676989377071,24.186682047605018,15.214503764288773
25,250.0,ue_003,-120.0,22.298779745286218,31.673769148662835
25,250.0,ue_004,-120.0,18.99170195235361,42.60077704475546
25,250.0,ue_005,28.861444285260358,34.803795093789724,16.29843979547637
25,250.0,ue_006,-1.223870801276476,20.96601920023824,44.55351778209711
25,250.0,ue_007,19.41449671743116,-15.29810703478439,-18.672797997847475
25,250.0,ue_008,35.248346413210314,26.51778468708588,19.33180486529014
25,250.0,ue_009,50.12536215729245,23.26951424018852,24.13642186606584
26,260.0,ue_000,24.138682044455958,19.384301879844088,67.39290684851015
26,260.0,ue_001,-120.0,20.499913084274578,45.76685115001088
26,260.0,ue_002,12.154176217719531,29.332791015580494,13.672517409221253
26,260.0,ue_003,-120.0,26.54884354658882,32.87448604778712
26,260.0,ue_004,-120.0,7.829830839552424,42.7139916063051
26,260.0,ue_005,30.1451262922494,33.7544797391153,42.78955024186522
26,260.0,ue_006,-0.6159555334889016,20.218349334868293,42.90223489103748
26,260.0,ue_007,22.535000512083233,-15.138514634300366,-18.68863385201451
26,260.0,ue_008,38.92479241725684,25.01660652167977,26.20355132930403
26,260.0,ue_009,-120.0,25.50656974197031,19.962550994803763
27,270.0,ue_000,26.475167637322393,20.694271335878156,68.16493829065315
27,270.0,ue_001,-120.0,18.832585618910485,38.85055151182364
27,270.0,ue_002,17.507575191143864,32.781073744036526,15.919021774042978
27,270.0,ue_003,-120.0,29.38321476230437,35.78491232505932
27,270.0,ue_004,-120.0,16.004870211419227,43.55257845654413
27,270.0,ue_005,33.02605088695753,37.4105370140965,24.897909774905127
27,270.0,ue_006,-120.0,21.549751735536443,43.326633883568526
27,270.0,ue_007,49.233142201457916,-15.188055550839453,-23.318087331899562
27,270.0,ue_008,47.511476694797146,27.659510205851987,11.296536832526362
27,270.0,ue_009,-120.0,27.125113196539147,23.48174418989086
28,280.0,ue_000,28.863020973689807,21.388037651824444,70.207358212151
28,280.0,ue_001,-120.0,19.290160524517237,38.870535597802764
28,280.0,ue_002,18.319803633953125,22.566664507695325,21.669523937480868
28,280.0,ue_003,-120.0,19.371925145294668,29.27966403480798
28,280.0,ue_004,-120.0,7.99393313526638,43.43635687847584
28,280.0,ue_005,35.87508637847828,28.28862746156712,42.096709542613986
28,280.0,ue_006,-120.0,19.854956722181065,25.978598189831082
28,280.0,ue_007,-120.0,-120.0,5.423419972747816
28,280.0,ue_008,47.9874580605464,20.64750121631631,14.962887494002535
28,280.0,ue_009,-120.0,28.422180538408902,38.066715574489116
29,290.0,ue_000,27.290234264278222,21.425634882217658,75.52444746821548
29,290.0,ue_001,-120.0,19.290160524517233,38.44983658052414
29,290.0,ue_002,17.516064231298696,25.34224485984458,24.345446721106864
29,290.0,ue_003,54.524103083028095,37.23532350426966,25.731044430742642
29,290.0,ue_004,-120.0,8.965623184994598,41.06969234933061
29,290.0,ue_005,33.86269035403933,37.41148387018819,23.8524338527008
29,290.0,ue_006,-120.0,27.784360616608808,19.73952778729688
29,290.0,ue_007,-120.0,-120.0,5.383994260471454
29,290.0,ue_008,45.57191319404214,26.028653812397145,14.725699734831796
29,290.0,ue_009,-120.0,28.50525893643654,22.8836471297748
30,300.0,ue_000,28.162186351469334,21.145165177278415,38.724372925018244
30,300.0,ue_001,-120.0,20.03666425076237,-120.0
30,300.0,ue_002,18.52537839497381,25.06920707036746,69.38382757001912
30,300.0,ue_003,-120.0,35.906896417664164,46.83760127697813
30,300.0,ue_004,-120.0,9.902574508047993,31.61963940259686
30,300.0,ue_005,37.34350938779543,37.48973557921452,54.7471762837088
30,300.0,ue_006,-120.0,28.426543542195375,49.21827641188047
30,300.0,ue_007,-120.0,-120.0,-120.0
30,300.0,ue_008,18.577282798617464,42.322886954159465,45.409106803289575
30,300.0,ue_009,-120.0,27.124638003881543,52.543127631103
31,310.0,ue_000,27.62517288640342,20.063838832284464,41.63640599377707
31,310.0,ue_001,-120.0,13.505442654497976,-120.0
31,310.0,ue_002,14.818288673299804,31.594841671591407,68.0745405805885
31,310.0,ue_003,0.6069710582523433,31.053618858113925,43.86547557838299
31,310.0,ue_004,-120.0,4.1920764531442325,29.58364112437198
31,310.0,ue_005,-120.0,33.50360499599467,53.53573082523056
31,310.0,ue_006,53.844497442647786,28.82448036912422,54.25635814040235
31,310.0,ue_007,-120.0,-120.0,-120.0
31,310.0,ue_008,-120.0,35.155402320633854,45.188975157984274
31,310.0,ue_009,-120.0,25.471985184834903,52.53560153990315
32,320.0,ue_000,26.460350292993944,16.307006409925172,39.252782172409525
32,320.0,ue_001,-120.0,11.001628033617655,-120.0
32,320.0,ue_002,13.77506048226104,31.740984050788605,68.37765102952011
32,320.0,ue_003,-0.41951827570092515,30.789823185167016,42.52804839568756
32,320.0,ue_004,-120.0,2.1106575955578286,29.247357454337603
32,320.0,ue_005,-120.0,31.29322637749397,51.89184676804033
32,320.0,ue_006,52.03925599238514,28.881423488926544,54.64511371047317
32,320.0,ue_007,-120.0,-120.0,-120.0
32,320.0,ue_008,-120.0,35.91258805534099,44.65765374552572
32,320.0,ue_009,37.54659695627281,30.08760655879232,55.78126050662676
33,330.0,ue_000,25.653099952553163,20.85979255479058,39.48329488447217
33,330.0,ue_001,-120.0,12.414054711557977,-120.0
33,330.0,ue_002,12.861581023042932,33.16308281577216,67.04192441816721
33,330.0,ue_003,-1.2206549682787844,30.84001839132743,40.665858308664305
33,330.0,ue_004,-120.0,-120.0,31.932863448197804
33,330.0,ue_005,35.928405083171626,29.527608439288183,47.643579613673836
33,330.0,ue_006,40.2290568333178,28.06236086605349,52.22042494957984
33,330.0,ue_007,-120.0,-120.0,-120.0
33,330.0,ue_008,-120.0,34.638323606831484,42.447398781100944
33,330.0,ue_009,35.6819310036671,27.962527225294984,56.19551915033878
34,340.0,ue_000,-120.0,17.215379498371252,38.00601939337932
34,340.0,ue_001,-120.0,10.562270605864178,-120.0
34,340.0,ue_002,-120.0,20.68329497154454,61.31725943426261
34,340.0,ue_003,-120.0,15.252486177011617,37.55343221642932
34,340.0,ue_004,-120.0,18.561005629482004,32.01647992703806
34,340.0,ue_005,-120.0,27.568262081959347,47.123527126059805
34,340.0,ue_006,-120.0,27.222312859372092,50.99355925589509
34,340.0,ue_007,-120.0,-120.0,-120.0
34,340.0,ue_008,-120.0,27.439334901434034,37.138243162048084
34,340.0,ue_009,45.14400435226782,28.758238008575702,52.02904266308347
35,350.0,ue_000,-120.0,1.1247674503384526,34.594862150389986
35,350.0,ue_001,-120.0,10.562270605864178,-120.0
35,350.0,ue_002,35.963210109442706,1.3989702117930223,33.867952004302346
35,350.0,ue_003,-120.0,28.077925245106222,44.77837355590562
35,350.0,ue_004,-120.0,23.318728657092556,35.1319880669137
35,350.0,ue_005,-120.0,32.97936036222448,49.949396059802325
35,350.0,ue_006,-120.0,26.207635294049403,51.76321592193994
35,350.0,ue_007,-120.0,-120.0,-120.0
35,350.0,ue_008,-120.0,30.34214877770998,41.923499699824795
35,350.0,ue_009,-120.0,31.226002117219267,49.800772842921276
36,360.0,ue_000,-120.0,19.822632313369006,36.05368218563011
36,360.0,ue_001,-120.0,9.493215187385664,30.855953112672697
36,360.0,ue_002,31.07682875976259,21.389474006937395,31.82612048813237
36,360.0,ue_003,6.061565810252993,22.001215646351937,39.090052195322954
36,360.0,ue_004,-120.0,33.178703084043526,35.4621558472235
36,360.0,ue_005,-120.0,31.01961731981448,40.746327008870466
36,360.0,ue_006,-120.0,26.126442541172914,46.72209532125147
36,360.0,ue_007,-120.0,-120.0,-120.0
36,360.0,ue_008,-120.0,30.54973905886262,32.00402694658119
36,360.0,ue_009,-120.0,31.77436731177375,46.49436718141028
37,370.0,ue_000,-30.181927288624845,17.7739092388382,-8.276915095667409
37,370.0,ue_001,-120.0,11.73355481110165,-120.0
37,370.0,ue_002,-30.2173892457907,19.201130231724235,-8.327578139318753
37,370.0,ue_003,-120.0,18.798853263756936,34.37165806384381
37,370.0,ue_004,-120.0,33.47115417988438,31.434016691682963
37,370.0,ue_005,-120.0,27.607249753267922,44.730085260839594
37,370.0,ue_006,-120.0,24.83618246164307,49.49755520217818
37,370.0,ue_007,-120.0,-120.0,-120.0
37,370.0,ue_008,-120.0,28.727239274375354,31.00295402489043
37,370.0,ue_009,39.64513058051848,27.37432716016274,52.226164384281894
38,380.0,ue_000,-120.0,17.24954661368813,30.883365103742342
38,380.0,ue_001,-120.0,11.731411380387073,-120.0
38,380.0,ue_002,28.009733077193996,16.548898769638104,29.32304347272843
38,380.0,ue_003,-2.366832045144017,19.090169065442527,36.91006576812532
38,380.0,ue_004,-120.0,31.656326421499035,35.542387669367834
38,380.0,ue_005,-120.0,31.586624846791572,47.00393216878163
38,380.0,ue_006,-120.0,27.866121906980297,49.42430553627883
38,380.0,ue_007,-120.0,-120.0,-120.0
38,380.0,ue_008,-120.0,18.89961927770249,34.45726663777775
38,380.0,ue_009,38.13873366227577,31.734799675862494,54.45407829843214
39,390.0,ue_000,17.01704069493679,1.702052913820669,28.528142674830555
39,390.0,ue_001,-120.0,14.426138190011555,-120.0
39,390.0,ue_002,16.54833392078386,15.35199089503987,28.96194124296573
39,390.0,ue_003,-4.7931593267713035,20.070045121059408,35.93391336963932
39,390.0,ue_004,-120.0,23.58121473836066,35.750388014445484
39,390.0,ue_005,-120.0,25.285105681267247,48.640070238063146
39,390.0,ue_006,-120.0,23.789170946291556,52.39198834493625
39,390.0,ue_007,-120.0,-120.0,-120.0
39,390.0,ue_008,-120.0,26.443836341356,36.49356794780661
39,390.0,ue_009,35.06882114108652,33.9298088465449,54.2392191804226
40,400.0,ue_000,17.41723200977214,-5.786113806725445,28.73793206492381
40,400.0,ue_001,-120.0,14.426566033432644,-120.0
40,400.0,ue_002,17.384977615188525,13.837698626240806,31.07556942547891
40,400.0,ue_003,-4.044293154955975,17.870078938373865,31.746849429958928
40,400.0,ue_004,-120.0,14.905231840328533,35.32783129892034
40,400.0,ue_005,-120.0,33.88676167346705,47.59415049732981
40,400.0,ue_006,-120.0,24.04380821835852,51.05908876676076
40,400.0,ue_007,-120.0,-120.0,-120.0
40,400.0,ue_008,-120.0,28.893845443367812,38.05529179168085
40,400.0,ue_009,33.38148956252447,42.34293015181866,54.51021386181942
41,410.0,ue_000,9.293202443952165,22.31221426616008,28.956900810791186
41,410.0,ue_001,-120.0,14.597641170234452,31.08929866135844
41,410.0,ue_002,11.17475433669901,15.000734065033027,29.337740588834386
41,410.0,ue_003,-5.371761063252487,17.615413948673332,30.959468619094604
41,410.0,ue_004,31.159691146623125,32.89424773257311,31.064279630894713
41,410.0,ue_005,-120.0,35.78717593450647,51.569759026263064
41,410.0,ue_006,-120.0,28.532382423056582,47.96408208530487
41,410.0,ue_007,-120.0,-120.0,-120.0
41,410.0,ue_008,-120.0,30.053237814471036,41.24556765304537
41,410.0,ue_009,7.401582857471514,60.05362150528276,58.196335948858184
42,420.0,ue_000,-19.371457948967315,6.751190986703655,76.16619375048514
42,420.0,ue_001,-120.0,14.59764117023445,-120.0
42,420.0,ue_002,-18.75435596733331,4.753509276780147,47.56974278274771
42,420.0,ue_003,-5.0658354519717435,4.338305286675741,44.466128047221325
42,420.0,ue_004,32.260092620587685,25.969071210665405,37.92658810049079
42,420.0,ue_005,-120.0,30.652357882928833,57.306878223977776
42,420.0,ue_006,-120.0,35.18766556594614,52.759093599811415
42,420.0,ue_007,-120.0,-120.0,-120.0
42,420.0,ue_008,-120.0,29.773591881686293,42.34816214674322
42,420.0,ue_009,6.014648333562944,42.56826979306151,65.12827921377382
43,430.0,ue_000,-20.318491412813053,15.552581329739159,72.83406063543855
43,430.0,ue_001,-120.0,18.692906920052234,24.80980560082685
43,430.0,ue_002,-18.24886311441658,2.017495172951363,55.12624458505649
43,430.0,ue_003,-13.214557485815826,1.8761521700967985,58.13527142896271
43,430.0,ue_004,30.668537984200324,17.878615724389515,33.090135314058415
43,430.0,ue_005,32.06696366506408,28.521776990385135,56.25573885899185
43,430.0,ue_006,-120.0,22.522565930704644,44.30706963670487
43,430.0,ue_007,-120.0,-120.0,-120.0
43,430.0,ue_008,-120.0,33.11569856456388,46.21253696569987
43,430.0,ue_009,23.81211171709964,42.5845981052785,60.23634846404934
44,440.0,ue_000,-12.037448900828567,10.712694711077091,66.63259824422231
44,440.0,ue_001,-120.0,18.69290692005223,24.724890762871368
44,440.0,ue_002,-14.064069721061834,1.5519139507753434,58.22252101203808
44,440.0,ue_003,-6.5050645032890575,1.9456421926722092,62.09937555490154
44,440.0,ue_004,33.85810930399054,22.252431276555026,38.43229832078333
44,440.0,ue_005,-120.0,27.99045575604174,53.341076487872016
44,440.0,ue_006,-120.0,25.42025992839756,49.63451583356643
44,440.0,ue_007,-120.0,-120.0,-120.0
44,440.0,ue_008,-120.0,33.5299679075908,43.98493606021504
44,440.0,ue_009,32.330778713131906,32.485629720407275,56.37394163379477
45,450.0,ue_000,2.5474980625101957,16.35320067976567,48.119448738037754
45,450.0,ue_001,-120.0,20.024992727393716,-120.0
45,450.0,ue_002,5.025070938653744,-16.220490084163558,60.299892567861264
45,450.0,ue_003,1.1289720722031507,21.70502949055289,61.46150526733196
45,450.0,ue_004,-120.0,4.305461155166518,30.870604074031554
45,450.0,ue_005,-120.0,35.860521382624185,50.87748064730884
45,450.0,ue_006,13.361031306944483,29.195354657088522,48.78857246943155
45,450.0,ue_007,-120.0,-120.0,-120.0
45,450.0,ue_008,-120.0,33.87172854228128,41.01800358757074
45,450.0,ue_009,34.42513648072277,36.71507585426754,55.819262955392084
46,460.0,ue_000,6.241299865507946,20.30328071484528,46.7819809925723
46,460.0,ue_001,-120.0,20.00191865491984,-120.0
46,460.0,ue_002,7.099000722755401,-15.614662900204387,71.90740653784798
46,460.0,ue_003,13.65859333977188,20.53729142809384,34.20308481567874
46,460.0,ue_004,-120.0,5.219926568544252,32.91620423305611
46,460.0,ue_005,13.242335321370565,37.554372301693235,55.5817348548664
46,460.0,ue_006,12.104149272283479,30.296568087650275,52.99469441523173
46,460.0,ue_007,-120.0,-120.0,-120.0
46,460.0,ue_008,-120.0,32.88161171766387,40.64761873866245
46,460.0,ue_009,14.361452616794633,37.361290371696455,56.13911840368332
47,470.0,ue_000,5.811031749710942,21.524150736530878,45.10159850796111
47,470.0,ue_001,-120.0,14.5573990260936,-120.0
47,470.0,ue_002,6.751443876651981,-11.073135721980073,70.78314233925167
47,470.0,ue_003,13.661461341665117,7.890388253325515,32.2083438752383
47,470.0,ue_004,-120.0,11.722095324177864,38.27371136271111
47,470.0,ue_005,19.724461068954135,19.589230381215785,45.53947660685118
47,470.0,ue_006,12.069884889605591,30.31003087143183,54.72841854227865
47,470.0,ue_007,-120.0,-120.0,-120.0
47,470.0,ue_008,-120.0,29.905265086580393,43.375077848687056
47,470.0,ue_009,18.037216255875332,21.81438446725639,48.33214321522476
48,480.0,ue_000,-20.327817744539928,13.278653014618257,47.21872431201503
48,480.0,ue_001,-120.0,17.36579344888315,29.357925706376236
48,480.0,ue_002,-20.87352329395977,5.943181296896817,50.177173703331434
48,480.0,ue_003,1.4344458360895254,22.086752769440633,66.30627942595828
48,480.0,ue_004,-120.0,20.734657867537514,42.12826840824565
48,480.0,ue_005,2.1500305531835573,39.58358935836035,14.11951407257703
48,480.0,ue_006,12.664137347979638,27.414912283677047,13.748893404790541
48,480.0,ue_007,-120.0,-120.0,-18.06424387738988
48,480.0,ue_008,-120.0,24.05442899588911,23.506173629629497
48,480.0,ue_009,2.073340154446405,35.704691178889334,10.725720078952836
49,490.0,ue_000,2.5572679119859987,23.27160031500715,66.29554001893973
49,490.0,ue_001,-120.0,14.935728052120878,28.019072612269582
49,490.0,ue_002,20.257357351915065,12.07135171398977,54.53351515773498
49,490.0,ue_003,2.960929671799784,22.254709808769746,66.82972779779791
49,490.0,ue_004,-120.0,33.48878124424489,44.47942391471858
49,490.0,ue_005,16.390178211000123,35.48924219748503,18.623902339526342
49,490.0,ue_006,38.63184412463534,28.348633573931412,14.679599453695298
49,490.0,ue_007,-120.0,-120.0,-17.692273948112806
49,490.0,ue_008,-120.0,35.63520460425471,22.33188981960138
49,490.0,ue_009,15.319527897522027,34.07836752796093,9.897273000079608
50,500.0,ue_000,7.031708846829493,19.06936793004396,72.4997060995338
50,500.0,ue_001,-120.0,14.93572805212088,28.527526409224752
50,500.0,ue_002,6.194702422069068,20.807249743554284,62.19319199370738
50,500.0,ue_003,16.511779777698802,21.822773379964083,67.88840653657316
50,500.0,ue_004,-120.0,28.941577042950264,43.11422483436759
50,500.0,ue_005,22.79189744554275,41.34610271911945,43.01515952892119
50,500.0,ue_006,36.76452282905536,24.075950949758592,15.81000641376669
50,500.0,ue_007,-120.0,-120.0,-14.130004976236297
50,500.0,ue_008,-120.0,32.399504790932724,23.028911887015507
50,500.0,ue_009,24.723782990394408,38.39771560400617,15.454098608519985
51,510.0,ue_000,6.1041458246284215,22.264453478244416,72.42543813479274
51,510.0,ue_001,-120.0,13.647014363665146,29.995054273675592
51,510.0,ue_002,5.021951146971197,15.676160372842824,62.553314248864034
51,510.0,ue_003,15.045702864090742,17.99745392498331,62.9032463451359
51,510.0,ue_004,-120.0,-120.0,42.17416616944105
51,510.0,ue_005,15.423439055188947,42.522734252360586,43.50635370684329
51,510.0,ue_006,35.20704676750805,24.79843187331732,18.08292773662006
51,510.0,ue_007,12.40578571325541,-14.427291528625055,-120.0
51,510.0,ue_008,-120.0,35.3985699310977,25.106298127697592
51,510.0,ue_009,14.491504134869817,40.313655123040036,38.05674738470309
52,520.0,ue_000,-120.0,-5.5740059002028195,54.985631377659026
52,520.0,ue_001,-120.0,-120.0,-120.0
52,520.0,ue_002,-5.202537074436049,-7.368010580543519,59.723623113875284
52,520.0,ue_003,-4.434454188342204,10.153046991368948,57.9648507133136
52,520.0,ue_004,-120.0,-2.0067342693421857,43.7216322100422
52,520.0,ue_005,20.14548703493101,44.31903556986142,39.84240955679962
52,520.0,ue_006,37.60621490494562,23.989778904252322,16.87396456432178
52,520.0,ue_007,19.591574529986122,-14.454394280740217,-17.308409215109137
52,520.0,ue_008,-120.0,35.52653473556389,26.31165531734834
52,520.0,ue_009,19.91959441101441,39.56320134671022,36.7073037807977
53,530.0,ue_000,-120.0,-12.049793940026465,47.34706394569152
53,530.0,ue_001,-120.0,12.498657104560921,29.78044611546606
53,530.0,ue_002,25.14597210484919,8.367389846778693,64.09734647894504
53,530.0,ue_003,-120.0,-12.660131934793743,48.139589433172844
53,530.0,ue_004,-120.0,-2.660418596285129,43.834957642085755
53,530.0,ue_005,24.364684914230686,39.31826402991319,25.64275712631669
53,530.0,ue_006,37.05787253168387,21.43066197230896,30.23261521882003
53,530.0,ue_007,20.91322370136268,-14.903356836975485,-17.76598411394307
53,530.0,ue_008,-120.0,35.82784377782454,24.927059290314368
53,530.0,ue_009,21.5520573962057,41.96215388685428,37.36747358163275
54,540.0,ue_000,-120.0,5.566556074616198,46.341757935303846
54,540.0,ue_001,-120.0,12.498657104560921,29.793516808988816
54,540.0,ue_002,-120.0,4.6520361764114835,56.8687181627181
54,540.0,ue_003,-5.608292614755569,8.658072647170094,48.16140123931614
54,540.0,ue_004,-120.0,-0.24436409316143812,43.441772143807746
54,540.0,ue_005,25.646424537985396,34.769842990492805,21.745361291714023
54,540.0,ue_006,10.440401111331273,22.653679518443752,28.750809624431845
54,540.0,ue_007,21.20501701554625,-14.944625369420859,-120.0
54,540.0,ue_008,-120.0,35.53423368755693,32.441246912978585
54,540.0,ue_009,26.07359737817564,43.70568883025648,36.90302343037441
55,550.0,ue_000,-120.0,6.191095428943085,46.37374823172784
55,550.0,ue_001,-120.0,13.790514416407051,27.987521877400937
55,550.0,ue_002,-120.0,4.344510284789487,56.49422600184644
55,550.0,ue_003,-5.612753133036018,8.399855266229597,48.17473446221817
55,550.0,ue_004,-120.0,0.309812284573816,43.573794742198274
55,550.0,ue_005,25.033546510425065,40.34073372992897,31.91269392679282
55,550.0,ue_006,10.48036834334108,22.712587456295026,27.848330659231838
55,550.0,ue_007,22.976345951092895,-15.489060196759347,-120.0
55,550.0,ue_008,-120.0,36.12907883896976,25.073216238470092
55,550.0,ue_009,23.32984224421903,39.22242139714859,13.378351908742827
56,560.0,ue_000,-120.0,9.973168997950141,51.9270044629359
56,560.0,ue_001,-120.0,13.790514416407051,27.989708795488113
56,560.0,ue_002,-120.0,7.486403680707481,57.855873148185
56,560.0,ue_003,2.9080398423571157,8.066908539646265,53.93584532246146
56,560.0,ue_004,-120.0,3.3703606408958353,45.1338080106449
56,560.0,ue_005,26.93987007914878,37.27691359055082,29.206149606179025
56,560.0,ue_006,-120.0,24.427895399010847,28.2204622095192
56,560.0,ue_007,24.69773824197135,-15.696636826633167,-120.0
56,560.0,ue_008,-120.0,31.410350821505908,25.077762196666722
56,560.0,ue_009,26.582386350823516,32.736966681260824,17.75785742335614
57,570.0,ue_000,-120.0,11.022146339151444,52.94131166666284
57,570.0,ue_001,-120.0,13.790473031408856,27.72242946786237
57,570.0,ue_002,-120.0,8.870429657376334,68.75795787464226
57,570.0,ue_003,-120.0,9.20928993919356,54.06736863994831
57,570.0,ue_004,-120.0,-0.23985749313861154,44.569838270460274
57,570.0,ue_005,13.411419532875012,45.88142314179271,26.8613527465858
57,570.0,ue_006,-120.0,26.67405832071693,28.374562530699553
57,570.0,ue_007,48.141503571128126,-15.936818537829096,-20.11315328824979
57,570.0,ue_008,-120.0,30.30884407511286,21.254126839070754
57,570.0,ue_009,33.14031736165902,31.339128830567773,17.36425354805902
58,580.0,ue_000,-120.0,6.069216320867644,45.56481763766874
58,580.0,ue_001,-120.0,11.38197872355734,28.931639494450877
58,580.0,ue_002,-120.0,2.5003037812296514,57.813160678878546
58,580.0,ue_003,-120.0,9.417043140992542,48.90459078886405
58,580.0,ue_004,-120.0,2.6814356013220535,45.281116014372614
58,580.0,ue_005,34.114806145492594,37.786575864486146,18.29296801942626
58,580.0,ue_006,-120.0,28.04169523893616,21.15941163516476
58,580.0,ue_007,28.986438299959858,-14.73137569757753,-120.0
58,580.0,ue_008,-120.0,29.246334649864476,24.630428001228974
58,580.0,ue_009,-120.0,29.03970290858971,19.203829053614044
59,590.0,ue_000,-120.0,32.91928640818594,50.36316199398419
59,590.0,ue_001,-120.0,10.856779974771719,28.99012379091392
59,590.0,ue_002,-120.0,0.5392898424112185,58.27424203390344
59,590.0,ue_003,-120.0,3.1801730738657774,52.32464738960125
59,590.0,ue_004,-120.0,6.465689518975228,47.265745302994034
59,590.0,ue_005,27.337642073232487,34.62525132573396,18.578950803754676
59,590.0,ue_006,33.03302030880792,22.093809708732856,20.397662713939503
59,590.0,ue_007,15.021664911987179,-14.747637444610701,-120.0
59,590.0,ue_008,-120.0,25.767414503465375,20.497926418648493
59,590.0,ue_009,35.97259122298419,24.83609645027668,24.762522018603544
60,600.0,ue_000,-31.330762209577664,-14.14256157488735,33.516795253140984
60,600.0,ue_001,-120.0,8.671257904106863,-120.0
60,600.0,ue_002,-120.0,-4.884796285109346,57.994457093584074
60,600.0,ue_003,-31.411110308985606,-15.95346956140406,33.64215441424165
60,600.0,ue_004,-120.0,-4.848478442264952,48.85161128360488
60,600.0,ue_005,16.699825167924672,38.61717031823068,47.16936978039744
60,600.0,ue_006,20.29383120840003,21.078779681144177,45.51000998299215
60,600.0,ue_007,21.78711802756968,-15.136651457928817,-120.0
60,600.0,ue_008,-120.0,27.050127837467514,35.91998778488593
60,600.0,ue_009,-120.0,34.34955607508848,31.294102186267565
